pos	allele	pos_id	Consequence	AAsub	canonical_start	second_start	count	start_pos_id	D05_rep1_freq
214809496	T	214809496:T	missense_variant	A25D	ATG	ATG	60426	ATG:214809496:T	0.014144861585134623
214809496	A	214809496:A	missense_variant	A25V	ATG	ATG	44799	ATG:214809496:A	0.010486804589952107
214809496	C	214809496:C	missense_variant	A25G	ATG	ATG	55286	ATG:214809496:C	0.012941661165653076
214809495	T	214809495:T	synonymous_variant	A25A	ATG	ATG	56511	ATG:214809495:T	0.013228416129440021
214809495	A	214809495:A	synonymous_variant	A25A	ATG	ATG	57571	ATG:214809495:A	0.013476546955247498
214809495	C	214809495:C	synonymous_variant	A25A	ATG	ATG	37657	ATG:214809495:C	0.008814964629653038
214809494	A	214809494:A	missense_variant	M26L	ATG	TTG	58088	ATG:214809494:A	0.013597569254249826
214809494	G	214809494:G	missense_variant	M26L	ATG	CTG	48584	ATG:214809494:G	0.011372818906632583
214809494	C	214809494:C	missense_variant	M26V	ATG	GTG	57008	ATG:214809494:C	0.013344756714747866
214809493	T	214809493:T	missense_variant	M26K	ATG	AAG	42827	ATG:214809493:T	0.010025187619676306
214809493	G	214809493:G	missense_variant	M26T	ATG	ACG	52039	ATG:214809493:G	0.01218158494735413
214809493	C	214809493:C	missense_variant	M26R	ATG	AGG	39023	ATG:214809493:C	0.009134725674986072
214809492	T	214809492:T	missense_variant	M26I	ATG	ATA	51503	ATG:214809492:T	0.012056115020342047
214809492	A	214809492:A	missense_variant	M26I	ATG	ATT	44323	ATG:214809492:A	0.010375379804023465
214809492	G	214809492:G	missense_variant	M26I	ATG	ATC	22526	ATG:214809492:G	0.005273014134093644
214809491	T	214809491:T	missense_variant	E27K	ATG	ATG	53822	ATG:214809491:T	0.012598959723217087
214809491	A	214809491:A	stop_gained	E27*	ATG	ATG	8233	ATG:214809491:A	0.0019272274423329915
214809491	G	214809491:G	missense_variant	E27Q	ATG	ATG	46231	ATG:214809491:G	0.010822015290476926
214809490	A	214809490:A	missense_variant	E27V	ATG	ATG	42099	ATG:214809490:A	0.009854773241197207
214809490	G	214809490:G	missense_variant	E27A	ATG	ATG	25521	ATG:214809490:G	0.005974100759842132
214809490	C	214809490:C	missense_variant	E27G	ATG	ATG	26643	ATG:214809490:C	0.006236744898102501
214809496	T	214809496:T	missense_variant	A25D	CTG	ATG	38836	CTG:214809496:T	0.009090951651942677
214809496	A	214809496:A	missense_variant	A25V	CTG	ATG	32381	CTG:214809496:A	0.007579928557049022
214809496	C	214809496:C	missense_variant	A25G	CTG	ATG	47203	CTG:214809496:C	0.01104954657602869
214809495	T	214809495:T	synonymous_variant	A25A	CTG	ATG	38072	CTG:214809495:T	0.008912110188813513
214809495	A	214809495:A	synonymous_variant	A25A	CTG	ATG	45522	CTG:214809495:A	0.010656048540007585
214809495	C	214809495:C	synonymous_variant	A25A	CTG	ATG	22405	CTG:214809495:C	0.005244689766242035
214809494	A	214809494:A	missense_variant	M26L	CTG	TTG	7597	CTG:214809494:A	0.0017783489468485045
214809494	G	214809494:G	missense_variant	M26L	CTG	CTG	9507	CTG:214809494:G	0.002225452604671414
214809494	C	214809494:C	missense_variant	M26V	CTG	GTG	8457	CTG:214809494:C	0.0019796626357111756
214809493	T	214809493:T	missense_variant	M26K	CTG	AAG	5262	CTG:214809493:T	0.0012317588730178795
214809493	G	214809493:G	missense_variant	M26T	CTG	ACG	6385	CTG:214809493:G	0.0014946370969629724
214809493	C	214809493:C	missense_variant	M26R	CTG	AGG	3642	CTG:214809493:C	0.0008525400637649405
214809492	T	214809492:T	missense_variant	M26I	CTG	ATA	6062	CTG:214809492:T	0.0014190274207971085
214809492	A	214809492:A	missense_variant	M26I	CTG	ATT	5626	CTG:214809492:A	0.0013169660622574287
214809492	G	214809492:G	missense_variant	M26I	CTG	ATC	1739	CTG:214809492:G	0.00040707500573509926
214809491	T	214809491:T	missense_variant	E27K	CTG	ATG	32434	CTG:214809491:T	0.007592335098339396
214809491	A	214809491:A	stop_gained	E27*	CTG	ATG	3708	CTG:214809491:A	0.0008679897189567269
214809491	G	214809491:G	missense_variant	E27Q	CTG	ATG	29965	CTG:214809491:G	0.0070143775427557505
214809490	A	214809490:A	missense_variant	E27V	CTG	ATG	28663	CTG:214809490:A	0.006709597981245055
214809490	G	214809490:G	missense_variant	E27A	CTG	ATG	22243	CTG:214809490:G	0.005206767885316741
214809490	C	214809490:C	missense_variant	E27G	CTG	ATG	15296	CTG:214809490:C	0.0035805746335388607
214809496	T	214809496:T	missense_variant	A25D	AGG	ATG	47648	AGG:214809496:T	0.011153714705730886
214809496	A	214809496:A	missense_variant	A25V	AGG	ATG	41995	AGG:214809496:A	0.009830428329985909
214809496	C	214809496:C	missense_variant	A25G	AGG	ATG	45942	AGG:214809496:C	0.01075436452759168
214809495	T	214809495:T	synonymous_variant	A25A	AGG	ATG	49546	AGG:214809495:T	0.011598009335337106
214809495	A	214809495:A	synonymous_variant	A25A	AGG	ATG	33846	AGG:214809495:A	0.007922864085169736
214809495	C	214809495:C	synonymous_variant	A25A	AGG	ATG	31018	AGG:214809495:C	0.007260869768770161
214809494	A	214809494:A	missense_variant	M26L	AGG	TTG	6873	AGG:214809494:A	0.0016088709111083022
214809494	G	214809494:G	missense_variant	M26L	AGG	CTG	10734	AGG:214809494:G	0.0025126757398278065
214809494	C	214809494:C	missense_variant	M26V	AGG	GTG	8954	AGG:214809494:C	0.0020960032210190216
214809493	T	214809493:T	missense_variant	M26K	AGG	AAG	6598	AGG:214809493:T	0.0015444973478091922
214809493	G	214809493:G	missense_variant	M26T	AGG	ACG	8256	AGG:214809493:G	0.0019326114130816445
214809493	C	214809493:C	missense_variant	M26R	AGG	AGG	5199	AGG:214809493:C	0.0012170114748802652
214809492	T	214809492:T	missense_variant	M26I	AGG	ATA	6090	AGG:214809492:T	0.0014255818199693817
214809492	A	214809492:A	missense_variant	M26I	AGG	ATT	5371	AGG:214809492:A	0.0012572742126527995
214809492	G	214809492:G	missense_variant	M26I	AGG	ATC	2003	AGG:214809492:G	0.0004688736265022449
214809491	T	214809491:T	missense_variant	E27K	AGG	ATG	38321	AGG:214809491:T	0.008970397524309798
214809491	A	214809491:A	stop_gained	E27*	AGG	ATG	4800	AGG:214809491:A	0.0011236112866753747
214809491	G	214809491:G	missense_variant	E27Q	AGG	ATG	33376	AGG:214809491:G	0.007812843813349438
214809490	A	214809490:A	missense_variant	E27V	AGG	ATG	28673	AGG:214809490:A	0.006711938838092295
214809490	G	214809490:G	missense_variant	E27A	AGG	ATG	20400	AGG:214809490:G	0.004775347968370342
214809490	C	214809490:C	missense_variant	E27G	AGG	ATG	18771	AGG:214809490:C	0.004394022387954887
214809496	T	214809496:T	missense_variant	A25D	TAG	ATG	65772	TAG:214809496:T	0.015396283655669321
214809496	A	214809496:A	missense_variant	A25V	TAG	ATG	51743	TAG:214809496:A	0.012112295584675815
214809496	C	214809496:C	missense_variant	A25G	TAG	ATG	72193	TAG:214809496:C	0.01689934783728236
214809495	T	214809495:T	synonymous_variant	A25A	TAG	ATG	50977	TAG:214809495:T	0.011932985950177203
214809495	A	214809495:A	synonymous_variant	A25A	TAG	ATG	70204	TAG:214809495:A	0.01643375141036625
214809495	C	214809495:C	synonymous_variant	A25A	TAG	ATG	39886	TAG:214809495:C	0.009336741620902915
214809494	A	214809494:A	missense_variant	M26L	TAG	TTG	7352	TAG:214809494:A	0.0017209979540911155
214809494	G	214809494:G	missense_variant	M26L	TAG	CTG	13180	TAG:214809494:G	0.0030852493246627997
214809494	C	214809494:C	missense_variant	M26V	TAG	GTG	9088	TAG:214809494:C	0.0021273707027720428
214809493	T	214809493:T	missense_variant	M26K	TAG	AAG	7206	TAG:214809493:T	0.0016868214441214061
214809493	G	214809493:G	missense_variant	M26T	TAG	ACG	8084	TAG:214809493:G	0.0018923486753091101
214809493	C	214809493:C	missense_variant	M26R	TAG	AGG	5552	TAG:214809493:C	0.00129964372158785
214809492	T	214809492:T	missense_variant	M26I	TAG	ATA	7137	TAG:214809492:T	0.0016706695318754476
214809492	A	214809492:A	missense_variant	M26I	TAG	ATT	7211	TAG:214809492:A	0.0016879918725450265
214809492	G	214809492:G	missense_variant	M26I	TAG	ATC	3622	TAG:214809492:G	0.0008478583500704598
214809491	T	214809491:T	missense_variant	E27K	TAG	ATG	45547	TAG:214809491:T	0.010661900682125686
214809491	A	214809491:A	stop_gained	E27*	TAG	ATG	6687	TAG:214809491:A	0.0015653309737496313
214809491	G	214809491:G	missense_variant	E27Q	TAG	ATG	46318	TAG:214809491:G	0.010842380745047918
214809490	A	214809490:A	missense_variant	E27V	TAG	ATG	38902	TAG:214809490:A	0.009106401307134464
214809490	G	214809490:G	missense_variant	E27A	TAG	ATG	28837	TAG:214809490:G	0.006750328890387037
214809490	C	214809490:C	missense_variant	E27G	TAG	ATG	26768	TAG:214809490:C	0.0062660056086930056
214809496	T	214809496:T	missense_variant	A25D	ATA	ATG	69664	ATA:214809496:T	0.01630734514061527
214809496	A	214809496:A	missense_variant	A25V	ATA	ATG	50764	ATA:214809496:A	0.011883125699330983
214809496	C	214809496:C	missense_variant	A25G	ATA	ATG	72700	ATA:214809496:C	0.017018029279437446
214809495	T	214809495:T	synonymous_variant	A25A	ATA	ATG	60391	ATA:214809495:T	0.014136668586169281
214809495	A	214809495:A	synonymous_variant	A25A	ATA	ATG	60285	ATA:214809495:A	0.014111855503588533
214809495	C	214809495:C	synonymous_variant	A25A	ATA	ATG	35587	ATA:214809495:C	0.008330407262274284
214809494	A	214809494:A	missense_variant	M26L	ATA	TTG	9907	ATA:214809494:A	0.0023190868785610283
214809494	G	214809494:G	missense_variant	M26L	ATA	CTG	18122	ATA:214809494:G	0.0042421007785689874
214809494	C	214809494:C	missense_variant	M26V	ATA	GTG	11209	ATA:214809494:C	0.0026238664400717237
214809493	T	214809493:T	missense_variant	M26K	ATA	AAG	9067	ATA:214809493:T	0.0021224549033928377
214809493	G	214809493:G	missense_variant	M26T	ATA	ACG	10623	ATA:214809493:G	0.0024866922288234385
214809493	C	214809493:C	missense_variant	M26R	ATA	AGG	8466	ATA:214809493:C	0.001981769406873692
214809492	T	214809492:T	missense_variant	M26I	ATA	ATA	9501	ATA:214809492:T	0.00222404809056307
214809492	A	214809492:A	missense_variant	M26I	ATA	ATT	6303	ATA:214809492:A	0.0014754420708156014
214809492	G	214809492:G	missense_variant	M26I	ATA	ATC	5725	ATA:214809492:G	0.0013401405450451083
214809491	T	214809491:T	missense_variant	E27K	ATA	ATG	58103	ATA:214809491:T	0.013601080539520687
214809491	A	214809491:A	stop_gained	E27*	ATA	ATG	9931	ATA:214809491:A	0.002324704934994405
214809491	G	214809491:G	missense_variant	E27Q	ATA	ATG	46588	ATA:214809491:G	0.010905583879923407
214809490	A	214809490:A	missense_variant	E27V	ATA	ATG	46171	ATA:214809490:A	0.010807970149393484
214809490	G	214809490:G	missense_variant	E27A	ATA	ATG	35809	ATA:214809490:G	0.008382374284283019
214809490	C	214809490:C	missense_variant	E27G	ATA	ATG	35424	ATA:214809490:C	0.008292251295664264
214809496	T	214809496:T	missense_variant	A25D	GTG	ATG	63083	GTG:214809496:T	0.014766827249446387
214809496	A	214809496:A	missense_variant	A25V	GTG	ATG	46582	GTG:214809496:A	0.010904179365815062
214809496	C	214809496:C	missense_variant	A25G	GTG	ATG	67754	GTG:214809496:C	0.015860241482792362
214809495	T	214809495:T	synonymous_variant	A25A	GTG	ATG	49147	GTG:214809495:T	0.011504609147132217
214809495	A	214809495:A	synonymous_variant	A25A	GTG	ATG	52266	GTG:214809495:A	0.012234722397786486
214809495	C	214809495:C	synonymous_variant	A25A	GTG	ATG	38309	GTG:214809495:C	0.00896758849609311
214809494	A	214809494:A	missense_variant	M26L	GTG	TTG	9125	GTG:214809494:A	0.002136031873106832
214809494	G	214809494:G	missense_variant	M26L	GTG	CTG	11069	GTG:214809494:G	0.0025910944442103586
214809494	C	214809494:C	missense_variant	M26V	GTG	GTG	11684	GTG:214809494:C	0.002735057140315641
214809493	T	214809493:T	missense_variant	M26K	GTG	AAG	7319	GTG:214809493:T	0.0017132731264952222
214809493	G	214809493:G	missense_variant	M26T	GTG	ACG	9481	GTG:214809493:G	0.002219366376868589
214809493	C	214809493:C	missense_variant	M26R	GTG	AGG	6751	GTG:214809493:C	0.0015803124575719696
214809492	T	214809492:T	missense_variant	M26I	GTG	ATA	8143	GTG:214809492:T	0.0019061597307078284
214809492	A	214809492:A	missense_variant	M26I	GTG	ATT	5542	GTG:214809492:A	0.0012973028647406096
214809492	G	214809492:G	missense_variant	M26I	GTG	ATC	2660	GTG:214809492:G	0.0006226679213659368
214809491	T	214809491:T	missense_variant	E27K	GTG	ATG	46818	GTG:214809491:T	0.010959423587409936
214809491	A	214809491:A	stop_gained	E27*	GTG	ATG	9648	GTG:214809491:A	0.002258458686217503
214809491	G	214809491:G	missense_variant	E27Q	GTG	ATG	47553	GTG:214809491:G	0.011131476565682103
214809490	A	214809490:A	missense_variant	E27V	GTG	ATG	38791	GTG:214809490:A	0.009080417796130096
214809490	G	214809490:G	missense_variant	E27A	GTG	ATG	27594	GTG:214809490:G	0.00645936038427506
214809490	C	214809490:C	missense_variant	E27G	GTG	ATG	33298	GTG:214809490:C	0.007794585129940964
214809496	T	214809496:T	missense_variant	A25D	ACG	ATG	55020	ACG:214809496:T	0.012879394373516482
214809496	A	214809496:A	missense_variant	A25V	ACG	ATG	47191	ACG:214809496:A	0.011046737547812002
214809496	C	214809496:C	missense_variant	A25G	ACG	ATG	58637	ACG:214809496:C	0.013726082295163321
214809495	T	214809495:T	synonymous_variant	A25A	ACG	ATG	53791	ACG:214809495:T	0.012591703066990641
214809495	A	214809495:A	synonymous_variant	A25A	ACG	ATG	58995	ACG:214809495:A	0.013809884970294527
214809495	C	214809495:C	synonymous_variant	A25A	ACG	ATG	42265	ACG:214809495:C	0.009893631464861398
214809494	A	214809494:A	missense_variant	M26L	ACG	TTG	9324	ACG:214809494:A	0.0021826149243669153
214809494	G	214809494:G	missense_variant	M26L	ACG	CTG	12287	ACG:214809494:G	0.002876210808204235
214809494	C	214809494:C	missense_variant	M26V	ACG	GTG	12199	ACG:214809494:C	0.00285561126794852
214809493	T	214809493:T	missense_variant	M26K	ACG	AAG	6005	ACG:214809493:T	0.0014056845367678384
214809493	G	214809493:G	missense_variant	M26T	ACG	ACG	10374	ACG:214809493:G	0.0024284048933271535
214809493	C	214809493:C	missense_variant	M26R	ACG	AGG	10086	ACG:214809493:C	0.002360988216126631
214809492	T	214809492:T	missense_variant	M26I	ACG	ATA	10788	ACG:214809492:T	0.0025253163668029046
214809492	A	214809492:A	missense_variant	M26I	ACG	ATT	7146	ACG:214809492:A	0.001672776303037964
214809492	G	214809492:G	missense_variant	M26I	ACG	ATC	3186	ACG:214809492:G	0.00074579699153078
214809491	T	214809491:T	missense_variant	E27K	ACG	ATG	50486	ACG:214809491:T	0.0118180498789777
214809491	A	214809491:A	stop_gained	E27*	ACG	ATG	7305	ACG:214809491:A	0.001709995926909086
214809491	G	214809491:G	missense_variant	E27Q	ACG	ATG	52905	ACG:214809491:G	0.012384303150325146
214809490	A	214809490:A	missense_variant	E27V	ACG	ATG	40742	ACG:214809490:A	0.00953711896702669
214809490	G	214809490:G	missense_variant	E27A	ACG	ATG	26320	ACG:214809490:G	0.006161135221936637
214809490	C	214809490:C	missense_variant	E27G	ACG	ATG	25526	ACG:214809490:C	0.005975271188265753
