,mut_info,pos_PDB,ddG (kcal/mol),wtAA,mutAA,pos,Mutation (PDB Numbered),Mutation (ThermoMPNN Numbered)
20,P1Z,-2,-0.0053,P,del,1,P-2del,P1del
43,F2Z,-1,0.0145,F,del,2,F-1del,F2del
66,T3Z,0,0.3537,T,del,3,T0del,T3del
89,N428Z,425,1.6581,N,del,428,N425del,N428del
112,H429Z,426,1.6652,H,del,429,H426del,H429del
135,R430Z,427,2.0361,R,del,430,R427del,R430del
158,G431Z,428,1.5668,G,del,431,G428del,G431del
181,E432Z,429,1.8256,E,del,432,E429del,E432del
204,T433Z,430,2.0244,T,del,433,T430del,T433del
227,L434Z,431,1.8484,L,del,434,L431del,L434del
250,L435Z,432,2.6262,L,del,435,L432del,L435del
273,H436Z,433,3.8187,H,del,436,H433del,H436del
296,I437Z,434,2.4344,I,del,437,I434del,I437del
319,A438Z,435,2.2222,A,del,438,A435del,A438del
342,S439Z,436,2.2783,S,del,439,S436del,S439del
365,I440Z,437,2.0398,I,del,440,I437del,I440del
388,K441Z,438,2.462,K,del,441,K438del,K441del
411,G442Z,439,2.4699,G,del,442,G439del,G442del
434,D443Z,440,2.4006,D,del,443,D440del,D443del
457,I444Z,441,2.6222,I,del,444,I441del,I444del
480,P445Z,442,2.5437,P,del,445,P442del,P445del
503,S446Z,443,2.1232,S,del,446,S443del,S446del
526,V447Z,444,2.9785,V,del,447,V444del,V447del
549,E448Z,445,2.2762,E,del,448,E445del,E448del
572,Y449Z,446,2.4166,Y,del,449,Y446del,Y449del
595,L450Z,447,2.7156,L,del,450,L447del,L450del
618,L451Z,448,3.2787,L,del,451,L448del,L451del
641,Q452Z,449,2.0571,Q,del,452,Q449del,Q452del
664,N453Z,450,1.144,N,del,453,N450del,N453del
687,G454Z,451,1.1922,G,del,454,G451del,G454del
710,S455Z,452,1.0323,S,del,455,S452del,S455del
733,D456Z,453,1.5835,D,del,456,D453del,D456del
756,P457Z,454,1.3644,P,del,457,P454del,P457del
779,N458Z,455,2.1121,N,del,458,N455del,N458del
802,V459Z,456,1.3014,V,del,459,V456del,V459del
825,K460Z,457,2.3125,K,del,460,K457del,K460del
848,D461Z,458,2.2432,D,del,461,D458del,D461del
871,H462Z,459,2.2128,H,del,462,H459del,H462del
894,A463Z,460,2.1189,A,del,463,A460del,A463del
917,G464Z,461,2.6858,G,del,464,G461del,G464del
940,W465Z,462,2.1578,W,del,465,W462del,W465del
963,T466Z,463,2.3967,T,del,466,T463del,T466del
986,P467Z,464,2.4226,P,del,467,P464del,P467del
1009,L468Z,465,2.8185,L,del,468,L465del,L468del
1032,H469Z,466,4.047,H,del,469,H466del,H469del
1055,E470Z,467,2.4625,E,del,470,E467del,E470del
1078,A471Z,468,2.8717,A,del,471,A468del,A471del
1101,C472Z,469,2.1942,C,del,472,C469del,C472del
1124,N473Z,470,2.4644,N,del,473,N470del,N473del
1147,H474Z,471,2.244,H,del,474,H471del,H474del
1170,G475Z,472,2.2273,G,del,475,G472del,G475del
1193,H476Z,473,3.6194,H,del,476,H473del,H476del
1216,L477Z,474,2.4844,L,del,477,L474del,L477del
1239,K478Z,475,2.6473,K,del,478,K475del,K478del
1262,V479Z,476,2.52,V,del,479,V476del,V479del
1285,V480Z,477,2.9107,V,del,480,V477del,V480del
1308,E481Z,478,1.8279,E,del,481,E478del,E481del
1331,L482Z,479,2.9631,L,del,482,L479del,L482del
1354,L483Z,480,3.3085,L,del,483,L480del,L483del
1377,L484Z,481,3.5606,L,del,484,L481del,L484del
1400,Q485Z,482,1.8659,Q,del,485,Q482del,Q485del
1423,H486Z,483,2.0982,H,del,486,H483del,H486del
1446,K487Z,484,1.6852,K,del,487,K484del,K487del
1469,A488Z,485,2.5898,A,del,488,A485del,A488del
1492,L489Z,486,2.2827,L,del,489,L486del,L489del
1515,V490Z,487,2.2038,V,del,490,V487del,V490del
1538,N491Z,488,1.7799,N,del,491,N488del,N491del
1561,T492Z,489,1.7085,T,del,492,T489del,T492del
1584,T493Z,490,2.1191,T,del,493,T490del,T493del
1607,G494Z,491,1.7605,G,del,494,G491del,G494del
1630,Y495Z,492,1.6791,Y,del,495,Y492del,Y495del
1653,Q496Z,493,1.8996,Q,del,496,Q493del,Q496del
1676,N497Z,494,1.4738,N,del,497,N494del,N497del
1699,D498Z,495,1.6471,D,del,498,D495del,D498del
1722,S499Z,496,1.9478,S,del,499,S496del,S499del
1745,P500Z,497,2.3052,P,del,500,P497del,P500del
1768,L501Z,498,2.3487,L,del,501,L498del,L501del
1791,H502Z,499,3.4383,H,del,502,H499del,H502del
1814,D503Z,500,2.2259,D,del,503,D500del,D503del
1837,A504Z,501,2.867,A,del,504,A501del,A504del
1860,A505Z,502,2.04,A,del,505,A502del,A505del
1883,K506Z,503,2.3478,K,del,506,K503del,K506del
1906,N507Z,504,2.4932,N,del,507,N504del,N507del
1929,G508Z,505,1.5274,G,del,508,G505del,G508del
1952,H509Z,506,3.4727,H,del,509,H506del,H509del
1975,V510Z,507,2.3727,V,del,510,V507del,V510del
1998,D511Z,508,2.6861,D,del,511,D508del,D511del
2021,I512Z,509,2.6037,I,del,512,I509del,I512del
2044,V513Z,510,3.1147,V,del,513,V510del,V513del
2067,K514Z,511,2.3825,K,del,514,K511del,K514del
2090,L515Z,512,2.8135,L,del,515,L512del,L515del
2113,L516Z,513,3.4821,L,del,516,L513del,L516del
2136,L517Z,514,3.4082,L,del,517,L514del,L517del
2159,S518Z,515,1.9381,S,del,518,S515del,S518del
2182,Y519Z,516,2.8431,Y,del,519,Y516del,Y519del
2205,G520Z,517,1.4708,G,del,520,G517del,G520del
2228,A521Z,518,2.3921,A,del,521,A518del,A521del
2251,S522Z,519,1.667,S,del,522,S519del,S522del
2274,R523Z,520,1.2653,R,del,523,R520del,R523del
2297,N524Z,521,2.0858,N,del,524,N521del,N524del
2320,A525Z,522,2.0796,A,del,525,A522del,A525del
2343,V526Z,523,2.8528,V,del,526,V523del,V526del
2366,N527Z,524,2.0415,N,del,527,N524del,N527del
2389,I528Z,525,2.5208,I,del,528,I525del,I528del
2412,F529Z,526,2.4037,F,del,529,F526del,F529del
2435,G530Z,527,2.3912,G,del,530,G527del,G530del
2458,L531Z,528,2.4848,L,del,531,L528del,L531del
2481,R532Z,529,1.9877,R,del,532,R529del,R532del
2504,P533Z,530,1.9394,P,del,533,P530del,P533del
2527,V534Z,531,2.1618,V,del,534,V531del,V534del
2550,D535Z,532,2.5841,D,del,535,D532del,D535del
2573,Y536Z,533,2.2585,Y,del,536,Y533del,Y536del
2596,T537Z,534,1.2959,T,del,537,T534del,T537del
2619,D538Z,535,0.7959,D,del,538,D535del,D538del
2642,D539Z,536,1.9911,D,del,539,D536del,D539del
2665,E540Z,537,1.477,E,del,540,E537del,E540del
2688,S541Z,538,2.322,S,del,541,S538del,S541del
2711,M542Z,539,1.5905,M,del,542,M539del,M542del
2734,K543Z,540,1.9661,K,del,543,K540del,K543del
2757,S544Z,541,1.7055,S,del,544,S541del,S544del
2780,L545Z,542,2.3765,L,del,545,L542del,L545del
2803,L546Z,543,2.8342,L,del,546,L543del,L546del
2826,L547Z,544,1.5751,L,del,547,L544del,L547del
2849,L548Z,545,0.5741,L,del,548,L545del,L548del
2872,P549Z,546,0.1392,P,del,549,P546del,P549del