pdb_id,residue,resSeq,sasa,relative_accessibility
3FA2_A,ARG,566,281.7,100
3FA2_A,ASP,567,148.24,76.8
3FA2_A,GLY,568,52.48,50.5
3FA2_A,PRO,569,95.66,60.2
3FA2_A,LEU,570,35.32,17.6
3FA2_A,VAL,571,13.13,7.5
3FA2_A,LEU,572,2.63,1.3
3FA2_A,ILE,573,0,0
3FA2_A,GLY,574,5.85,5.6
3FA2_A,SER,575,2.48,1.6
3FA2_A,GLY,576,50.09,48.2
3FA2_A,LEU,577,33.85,16.8
3FA2_A,SER,578,54.63,35.2
3FA2_A,SER,579,87.33,56.3
3FA2_A,GLU,580,115.67,51.9
3FA2_A,GLN,581,37.74,16.8
3FA2_A,GLN,582,59.07,26.3
3FA2_A,LYS,583,123.63,52.4
3FA2_A,MET,584,55.07,24.6
3FA2_A,LEU,585,0,0
3FA2_A,SER,586,43.85,28.3
3FA2_A,GLU,587,102.1,45.8
3FA2_A,LEU,588,0,0
3FA2_A,ALA,589,5.25,4.1
3FA2_A,VAL,590,108.19,62.2
3FA2_A,ILE,591,69.96,35.5
3FA2_A,LEU,592,37.73,18.8
3FA2_A,LYS,593,159.6,67.6
3FA2_A,ALA,594,26.71,20.7
3FA2_A,LYS,595,121.75,51.6
3FA2_A,LYS,596,66.51,28.2
3FA2_A,TYR,597,57.57,21.9
3FA2_A,THR,598,92.35,53.7
3FA2_A,GLU,599,131.28,58.9
3FA2_A,PHE,600,44.5,18.5
3FA2_A,ASP,601,60.43,31.3
3FA2_A,SER,602,76.9,49.6
3FA2_A,THR,603,61.97,36
3FA2_A,VAL,604,5.82,3.3
3FA2_A,THR,605,42.87,24.9
3FA2_A,HIS,606,2.63,1.2
3FA2_A,VAL,607,0,0
3FA2_A,VAL,608,0,0
3FA2_A,VAL,609,0,0
3FA2_A,PRO,610,51.89,32.6
3FA2_A,GLY,611,39.56,38
3FA2_A,ASP,612,102.4,53.1
3FA2_A,ALA,613,70.91,55
3FA2_A,VAL,614,45.51,26.2
3FA2_A,GLN,615,58.2,25.9
3FA2_A,SER,616,50.28,32.4
3FA2_A,THR,617,43.32,25.2
3FA2_A,LEU,618,47.7,23.7
3FA2_A,LYS,619,58.72,24.9
3FA2_A,CYS,620,0,0
3FA2_A,MET,621,1.4,0.6
3FA2_A,LEU,622,25.96,12.9
3FA2_A,GLY,623,0,0
3FA2_A,ILE,624,0,0
3FA2_A,LEU,625,11.79,5.9
3FA2_A,ASN,626,33.35,17.1
3FA2_A,GLY,627,6.99,6.7
3FA2_A,CYS,628,3.88,2.3
3FA2_A,TRP,629,36.21,12.7
3FA2_A,ILE,630,0,0
3FA2_A,LEU,631,0,0
3FA2_A,LYS,632,35.59,15.1
3FA2_A,PHE,633,10.5,4.4
3FA2_A,GLU,634,83.12,37.3
3FA2_A,TRP,635,0,0
3FA2_A,VAL,636,0,0
3FA2_A,LYS,637,100.03,42.4
3FA2_A,ALA,638,4.95,3.8
3FA2_A,CYS,639,0,0
3FA2_A,LEU,640,33.96,16.9
3FA2_A,ARG,641,158.19,57.7
3FA2_A,ARG,642,152.51,55.7
3FA2_A,LYS,643,149.5,63.3
3FA2_A,VAL,644,52.51,30.2
3FA2_A,CYS,645,68.19,40.8
3FA2_A,GLU,646,47.9,21.5
3FA2_A,GLN,647,129.06,57.4
3FA2_A,GLU,648,30.43,13.6
3FA2_A,GLU,649,78.96,35.4
3FA2_A,LYS,650,151.92,64.4
3FA2_A,TYR,651,22.72,8.6
3FA2_A,GLU,652,15.44,6.9
3FA2_A,ILE,653,5.25,2.7
3FA2_A,PRO,654,85.45,53.7
3FA2_A,GLU,655,143.57,64.4
3FA2_A,GLY,656,0,0
3FA2_A,PRO,657,0,0
3FA2_A,ARG,658,120.53,44
3FA2_A,ARG,659,113.18,41.3
3FA2_A,SER,660,3.49,2.3
3FA2_A,ARG,661,12.51,4.6
3FA2_A,LEU,662,51.19,25.5
3FA2_A,ASN,663,14.39,7.4
3FA2_A,ARG,664,141.07,51.5
3FA2_A,GLU,665,111.88,50.2
3FA2_A,GLN,666,106.66,47.4
3FA2_A,LEU,667,152.06,75.7
3FA2_A,LEU,668,58.61,29.2
3FA2_A,PRO,669,48.57,30.5
3FA2_A,LYS,670,97.87,41.5
3FA2_A,LEU,671,1.19,0.6
3FA2_A,PHE,672,0,0
3FA2_A,ASP,673,61.87,32.1
3FA2_A,GLY,674,16.44,15.8
3FA2_A,CYS,675,0,0
3FA2_A,TYR,676,32.48,12.4
3FA2_A,PHE,677,0,0
3FA2_A,TYR,678,42.96,16.3
3FA2_A,LEU,679,13.3,6.6
3FA2_A,TRP,680,11.69,4.1
3FA2_A,GLY,681,28.24,27.2
3FA2_A,THR,682,51.6,30
3FA2_A,PHE,683,24.68,10.3
3FA2_A,LYS,684,173.94,73.7
3FA2_A,HIS,685,150.05,67
3FA2_A,HIS,686,46.39,20.7
3FA2_A,PRO,687,48.57,30.5
3FA2_A,LYS,688,77.79,33
3FA2_A,ASP,689,70.06,36.3
3FA2_A,ASN,690,34.11,17.5
3FA2_A,LEU,691,2.63,1.3
3FA2_A,ILE,692,66.94,34
3FA2_A,LYS,693,98.94,41.9
3FA2_A,LEU,694,0,0
3FA2_A,VAL,695,1.31,0.8
3FA2_A,THR,696,96.34,56
3FA2_A,ALA,697,32.1,24.9
3FA2_A,GLY,698,1.31,1.3
3FA2_A,GLY,699,29.88,28.7
3FA2_A,GLY,700,11.65,11.2
3FA2_A,GLN,701,102.56,45.6
3FA2_A,ILE,702,73,37.1
3FA2_A,LEU,703,31.06,15.5
3FA2_A,SER,704,99.72,64.3
3FA2_A,ARG,705,136.48,49.8
3FA2_A,LYS,706,32.2,13.6
3FA2_A,PRO,707,11.37,7.2
3FA2_A,LYS,708,149.05,63.2
3FA2_A,SER,711,87.95,56.7
3FA2_A,ASP,712,129.1,66.9
3FA2_A,VAL,713,86.26,49.6
3FA2_A,THR,714,14.42,8.4
3FA2_A,GLN,715,101.92,45.3
3FA2_A,THR,716,106.39,61.9
3FA2_A,ILE,717,20.71,10.5
3FA2_A,ASN,718,134.26,68.8
3FA2_A,THR,719,39.23,22.8
3FA2_A,VAL,720,77.52,44.6
3FA2_A,ALA,721,0,0
3FA2_A,TYR,722,101.61,38.6
3FA2_A,HIS,723,33.99,15.2
3FA2_A,ALA,724,9.32,7.2
3FA2_A,ARG,725,158.15,57.7
3FA2_A,SER,728,76.24,49.2
3FA2_A,ASP,729,69.55,36
3FA2_A,GLN,730,4.81,2.1
3FA2_A,ARG,731,93.81,34.2
3FA2_A,PHE,732,106.18,44.2
3FA2_A,CYS,733,5.59,3.4
3FA2_A,THR,734,0,0
3FA2_A,GLN,735,2.33,1
3FA2_A,TYR,736,0,0
3FA2_A,ILE,737,6.56,3.3
3FA2_A,ILE,738,1.31,0.7
3FA2_A,TYR,739,28.41,10.8
3FA2_A,GLU,740,49.51,22.2
3FA2_A,ASP,741,24.92,12.9
3FA2_A,LEU,742,98.05,48.8
3FA2_A,CYS,743,14.07,8.4
3FA2_A,ASN,744,116.2,59.6
3FA2_A,TYR,745,110.59,42
3FA2_A,ARG,749,200.6,73.2
3FA2_A,VAL,750,47.13,27.1
3FA2_A,ARG,751,91.96,33.6
3FA2_A,GLN,752,126.58,56.3
3FA2_A,GLY,753,33.21,31.9
3FA2_A,LYS,754,34.33,14.5
3FA2_A,VAL,755,10.21,5.9
3FA2_A,TRP,756,27.57,9.7
3FA2_A,LYS,757,13.45,5.7
3FA2_A,ALA,758,0,0
3FA2_A,PRO,759,36.75,23.1
3FA2_A,SER,760,12.96,8.4
3FA2_A,SER,761,61.53,39.7
3FA2_A,TRP,762,15.75,5.5
3FA2_A,PHE,763,7.88,3.3
3FA2_A,ILE,764,10.5,5.3
3FA2_A,ASP,765,81.1,42
3FA2_A,CYS,766,0,0
3FA2_A,VAL,767,0,0
3FA2_A,MET,768,38.2,17.1
3FA2_A,SER,769,31.08,20.1
3FA2_A,PHE,770,6.56,2.7
3FA2_A,GLU,771,49.65,22.3
3FA2_A,LEU,772,3.54,1.8
3FA2_A,LEU,773,40.69,20.2
3FA2_A,PRO,774,68.81,43.3
3FA2_A,LEU,775,77.72,38.7
3FA2_B,GLY,568,117.28,100
3FA2_B,PRO,569,69.28,43.6
3FA2_B,LEU,570,66.45,33.1
3FA2_B,VAL,571,7.88,4.5
3FA2_B,LEU,572,0,0
3FA2_B,ILE,573,0,0
3FA2_B,GLY,574,5.82,5.6
3FA2_B,SER,575,4.66,3
3FA2_B,GLY,576,57.96,55.7
3FA2_B,LEU,577,28,13.9
3FA2_B,SER,578,54.12,34.9
3FA2_B,SER,579,95.8,61.8
3FA2_B,GLU,580,122.58,55
3FA2_B,GLN,581,37.57,16.7
3FA2_B,GLN,582,51.44,22.9
3FA2_B,LYS,583,136.98,58
3FA2_B,MET,584,30.97,13.8
3FA2_B,LEU,585,0,0
3FA2_B,SER,586,44.44,28.7
3FA2_B,GLU,587,87.55,39.3
3FA2_B,LEU,588,1.31,0.7
3FA2_B,ALA,589,3.94,3.1
3FA2_B,VAL,590,108.04,62.1
3FA2_B,ILE,591,75.35,38.3
3FA2_B,LEU,592,49.1,24.4
3FA2_B,LYS,593,167.58,71
3FA2_B,ALA,594,13.98,10.8
3FA2_B,LYS,595,101.99,43.2
3FA2_B,LYS,596,62.57,26.5
3FA2_B,TYR,597,58.16,22.1
3FA2_B,THR,598,86.62,50.4
3FA2_B,GLU,599,131.3,58.9
3FA2_B,PHE,600,49.79,20.7
3FA2_B,ASP,601,66.7,34.6
3FA2_B,SER,602,89.46,57.7
3FA2_B,THR,603,84.14,48.9
3FA2_B,VAL,604,4.66,2.7
3FA2_B,THR,605,46.51,27
3FA2_B,HIS,606,5.25,2.3
3FA2_B,VAL,607,0,0
3FA2_B,VAL,608,0,0
3FA2_B,VAL,609,0,0
3FA2_B,PRO,610,53.34,33.5
3FA2_B,GLY,611,24.94,24
3FA2_B,ASP,612,112.56,58.3
3FA2_B,ALA,613,26.25,20.4
3FA2_B,VAL,614,28.31,16.3
3FA2_B,GLN,615,78.99,35.1
3FA2_B,SER,616,48.61,31.4
3FA2_B,THR,617,49.88,29
3FA2_B,LEU,618,45.32,22.5
3FA2_B,LYS,619,66.74,28.3
3FA2_B,CYS,620,0,0
3FA2_B,MET,621,0,0
3FA2_B,LEU,622,24.64,12.3
3FA2_B,GLY,623,0,0
3FA2_B,ILE,624,0,0
3FA2_B,LEU,625,16.75,8.3
3FA2_B,ASN,626,28.59,14.7
3FA2_B,GLY,627,12.98,12.5
3FA2_B,CYS,628,3.94,2.4
3FA2_B,TRP,629,44.21,15.5
3FA2_B,ILE,630,0,0
3FA2_B,LEU,631,0,0
3FA2_B,LYS,632,53.42,22.6
3FA2_B,PHE,633,13.13,5.5
3FA2_B,GLU,634,93.73,42
3FA2_B,TRP,635,0,0
3FA2_B,VAL,636,0,0
3FA2_B,LYS,637,93.34,39.6
3FA2_B,ALA,638,12.88,10
3FA2_B,CYS,639,2.33,1.4
3FA2_B,LEU,640,27.4,13.6
3FA2_B,ARG,641,208.99,76.3
3FA2_B,ARG,642,140.01,51.1
3FA2_B,LYS,643,126.96,53.8
3FA2_B,VAL,644,61.57,35.4
3FA2_B,CYS,645,58.96,35.3
3FA2_B,GLU,646,14.72,6.6
3FA2_B,GLN,647,103.72,46.1
3FA2_B,GLU,648,20.96,9.4
3FA2_B,GLU,649,87.55,39.3
3FA2_B,LYS,650,110.79,46.9
3FA2_B,TYR,651,30.74,11.7
3FA2_B,GLU,652,15.29,6.9
3FA2_B,ILE,653,5.25,2.7
3FA2_B,PRO,654,77.72,48.9
3FA2_B,GLU,655,129.13,57.9
3FA2_B,GLY,656,0,0
3FA2_B,PRO,657,0,0
3FA2_B,ARG,658,117.78,43
3FA2_B,ARG,659,108.75,39.7
3FA2_B,SER,660,3.49,2.3
3FA2_B,ARG,661,21.74,7.9
3FA2_B,LEU,662,48.57,24.2
3FA2_B,ASN,663,15.41,7.9
3FA2_B,ARG,664,137.48,50.2
3FA2_B,GLU,665,111.29,49.9
3FA2_B,GLN,666,112.12,49.8
3FA2_B,LEU,667,150.9,75.1
3FA2_B,LEU,668,59.77,29.7
3FA2_B,PRO,669,43.19,27.2
3FA2_B,LYS,670,105.55,44.7
3FA2_B,LEU,671,2.48,1.2
3FA2_B,PHE,672,0,0
3FA2_B,ASP,673,64.05,33.2
3FA2_B,GLY,674,13.82,13.3
3FA2_B,CYS,675,3.49,2.1
3FA2_B,TYR,676,49.67,18.9
3FA2_B,PHE,677,0,0
3FA2_B,TYR,678,48.49,18.4
3FA2_B,LEU,679,16.05,8
3FA2_B,TRP,680,144.74,50.8
3FA2_B,GLY,681,51.25,49.3
3FA2_B,THR,682,116.2,67.6
3FA2_B,PHE,683,25.69,10.7
3FA2_B,LYS,684,137.47,58.2
3FA2_B,HIS,685,76.17,34
3FA2_B,HIS,686,29.62,13.2
3FA2_B,PRO,687,53.82,33.8
3FA2_B,LYS,688,95.5,40.5
3FA2_B,ASP,689,96.13,49.8
3FA2_B,ASN,690,22.32,11.4
3FA2_B,LEU,691,3.94,2
3FA2_B,ILE,692,59.07,30
3FA2_B,LYS,693,101.89,43.2
3FA2_B,LEU,694,0,0
3FA2_B,VAL,695,1.31,0.8
3FA2_B,THR,696,92.99,54.1
3FA2_B,ALA,697,29.6,22.9
3FA2_B,GLY,698,0,0
3FA2_B,GLY,699,33.52,32.2
3FA2_B,GLY,700,10.78,10.4
3FA2_B,GLN,701,106.86,47.5
3FA2_B,ILE,702,57.04,29
3FA2_B,LEU,703,23.33,11.6
3FA2_B,SER,704,114.36,73.8
3FA2_B,ARG,705,201.35,73.5
3FA2_B,LYS,706,112.99,47.9
3FA2_B,PRO,707,13.55,8.5
3FA2_B,LYS,708,174.8,74.1
3FA2_B,SER,711,75.8,48.9
3FA2_B,ASP,712,123.87,64.2
3FA2_B,VAL,713,90.45,52
3FA2_B,THR,714,11.37,6.6
3FA2_B,GLN,715,126.29,56.1
3FA2_B,THR,716,96.63,56.2
3FA2_B,ILE,717,18.38,9.3
3FA2_B,ASN,718,132.82,68.1
3FA2_B,THR,719,36.33,21.1
3FA2_B,VAL,720,81.86,47
3FA2_B,ALA,721,1.31,1
3FA2_B,TYR,722,101.29,38.5
3FA2_B,HIS,723,36.04,16.1
3FA2_B,ALA,724,3.64,2.8
3FA2_B,ARG,725,147.85,54
3FA2_B,PRO,726,104.53,65.7
3FA2_B,ASP,727,108.24,56.1
3FA2_B,SER,728,32.22,20.8
3FA2_B,ASP,729,62.71,32.5
3FA2_B,GLN,730,15.31,6.8
3FA2_B,ARG,731,57.8,21.1
3FA2_B,PHE,732,104.86,43.7
3FA2_B,CYS,733,5.59,3.4
3FA2_B,THR,734,2.35,1.4
3FA2_B,GLN,735,2.33,1
3FA2_B,TYR,736,0,0
3FA2_B,ILE,737,21,10.7
3FA2_B,ILE,738,1.31,0.7
3FA2_B,TYR,739,19.54,7.4
3FA2_B,GLU,740,49.13,22
3FA2_B,ASP,741,19.27,10
3FA2_B,LEU,742,107.64,53.6
3FA2_B,CYS,743,2.56,1.5
3FA2_B,ASN,744,78.82,40.4
3FA2_B,TYR,745,67.35,25.6
3FA2_B,HIS,746,87.69,39.1
3FA2_B,PRO,747,70.4,44.3
3FA2_B,ARG,749,177.48,64.8
3FA2_B,VAL,750,31.5,18.1
3FA2_B,ARG,751,79.43,29
3FA2_B,GLN,752,165.64,73.6
3FA2_B,GLY,753,30.49,29.3
3FA2_B,LYS,754,35.51,15
3FA2_B,VAL,755,10.35,6
3FA2_B,TRP,756,14.44,5.1
3FA2_B,LYS,757,70.01,29.7
3FA2_B,ALA,758,0,0
3FA2_B,PRO,759,23.63,14.9
3FA2_B,SER,760,15.44,10
3FA2_B,SER,761,50.73,32.7
3FA2_B,TRP,762,23.63,8.3
3FA2_B,PHE,763,1.31,0.5
3FA2_B,ILE,764,15.75,8
3FA2_B,ASP,765,72.08,37.3
3FA2_B,CYS,766,0,0
3FA2_B,VAL,767,0,0
3FA2_B,MET,768,34.55,15.4
3FA2_B,SER,769,33.68,21.7
3FA2_B,PHE,770,9.19,3.8
3FA2_B,GLU,771,72.97,32.7
3FA2_B,LEU,772,17.79,8.9
3FA2_B,LEU,773,39.38,19.6
3FA2_B,PRO,774,74.23,46.7
3FA2_B,LEU,775,64.01,31.8