pdb_id,residue,resSeq,sasa,relative_accessibility
1JM7_B,MET,26,219.09,97.8
1JM7_B,GLU,27,100.1,44.9
1JM7_B,PRO,28,135.44,85.2
1JM7_B,ASP,29,129.21,66.9
1JM7_B,GLY,30,50.19,48.3
1JM7_B,ARG,31,188.75,68.9
1JM7_B,GLY,32,44.17,42.5
1JM7_B,ALA,33,29.78,23.1
1JM7_B,TRP,34,11.12,3.9
1JM7_B,ALA,35,70.89,55
1JM7_B,HIS,36,40.15,17.9
1JM7_B,SER,37,9.61,6.2
1JM7_B,ARG,38,93.49,34.1
1JM7_B,ALA,39,46.84,36.3
1JM7_B,ALA,40,0,0
1JM7_B,LEU,41,3.81,1.9
1JM7_B,ASP,42,59.12,30.6
1JM7_B,ARG,43,119.76,43.7
1JM7_B,LEU,44,3.94,2
1JM7_B,GLU,45,26.79,12
1JM7_B,LYS,46,79.56,33.7
1JM7_B,LEU,47,40.23,20
1JM7_B,LEU,48,4.81,2.4
1JM7_B,ARG,49,99.42,36.3
1JM7_B,CYS,50,6.99,4.2
1JM7_B,SER,51,53,34.2
1JM7_B,ARG,52,88.48,32.3
1JM7_B,CYS,53,54.58,32.7
1JM7_B,THR,54,92.97,54.1
1JM7_B,ASN,55,66.01,33.9
1JM7_B,ILE,56,66.17,33.6
1JM7_B,LEU,57,7.88,3.9
1JM7_B,ARG,58,179.53,65.5
1JM7_B,GLU,59,90.14,40.4
1JM7_B,PRO,60,1.31,0.8
1JM7_B,VAL,61,0,0
1JM7_B,CYS,62,12.5,7.5
1JM7_B,LEU,63,0,0
1JM7_B,GLY,64,2.33,2.2
1JM7_B,GLY,65,24.2,23.3
1JM7_B,CYS,66,29.89,17.9
1JM7_B,GLU,67,111.1,49.8
1JM7_B,HIS,68,30.51,13.6
1JM7_B,ILE,69,25.58,13
1JM7_B,PHE,70,1.31,0.5
1JM7_B,CYS,71,16.27,9.7
1JM7_B,SER,72,35.75,23.1
1JM7_B,ASN,73,135.55,69.5
1JM7_B,CYS,74,28.3,16.9
1JM7_B,VAL,75,2.63,1.5
1JM7_B,SER,76,58.97,38
1JM7_B,ASP,77,124.23,64.4
1JM7_B,CYS,78,65.75,39.4
1JM7_B,ILE,79,35.74,18.1
1JM7_B,GLY,80,87.15,83.8
1JM7_B,THR,81,89.31,51.9
1JM7_B,GLY,82,4.66,4.5
1JM7_B,CYS,83,2.33,1.4
1JM7_B,PRO,84,64.13,40.3
1JM7_B,VAL,85,84.41,48.5
1JM7_B,CYS,86,62.87,37.6
1JM7_B,TYR,87,173.13,65.8
1JM7_B,THR,88,38.77,22.5
1JM7_B,PRO,89,97.56,61.4
1JM7_B,ALA,90,39.22,30.4
1JM7_B,TRP,91,109.65,38.5
1JM7_B,ILE,92,10.35,5.3
1JM7_B,GLN,93,182.98,81.3
1JM7_B,ASP,94,114.98,59.6
1JM7_B,LEU,95,68.37,34
1JM7_B,LYS,96,92.1,39
1JM7_B,ILE,97,76.64,38.9
1JM7_B,ASN,98,8.47,4.3
1JM7_B,ARG,99,211.65,77.2
1JM7_B,GLN,100,60.46,26.9
1JM7_B,LEU,101,3.94,2
1JM7_B,ASP,102,38.01,19.7
1JM7_B,SER,103,52.16,33.6
1JM7_B,MET,104,0,0
1JM7_B,ILE,105,8.89,4.5
1JM7_B,GLN,106,124.6,55.4
1JM7_B,LEU,107,13,6.5
1JM7_B,CYS,108,6.82,4.1
1JM7_B,SER,109,70.09,45.2
1JM7_B,LYS,110,73.53,31.2
1JM7_B,LEU,111,2.63,1.3
1JM7_B,ARG,112,112.16,40.9
1JM7_B,ASN,113,104.79,53.7
1JM7_B,LEU,114,15.75,7.8
1JM7_B,LEU,115,33.79,16.8
1JM7_B,HIS,116,130.7,58.3
1JM7_B,ASP,117,41.23,21.4
1JM7_B,ASN,118,117.19,60.1
1JM7_B,GLU,119,183.07,82.1
1JM7_B,LEU,120,127.66,63.5
1JM7_B,SER,121,122.93,79.3
1JM7_B,ASP,122,177.27,91.9