,Mutation,ddG (kcal/mol),pos,wtAA,mutAA
0,M0A,0.0402,0,M,A
1,M0C,-0.1505,0,M,C
2,M0D,0.0356,0,M,D
3,M0E,0.0385,0,M,E
4,M0F,0.1267,0,M,F
5,M0G,0.1672,0,M,G
6,M0H,0.1545,0,M,H
7,M0I,0.0042,0,M,I
8,M0K,0.2078,0,M,K
9,M0L,-0.0516,0,M,L
10,M0M,0.0,0,M,M
11,M0N,0.1169,0,M,N
12,M0P,0.1203,0,M,P
13,M0Q,0.0973,0,M,Q
14,M0R,0.2065,0,M,R
15,M0S,0.1396,0,M,S
16,M0T,0.1116,0,M,T
17,M0V,0.046,0,M,V
18,M0W,0.0123,0,M,W
19,M0Y,0.2176,0,M,Y
20,E1A,-0.0213,1,E,A
21,E1C,-0.3197,1,E,C
22,E1D,-0.132,1,E,D
23,E1E,0.0,1,E,E
24,E1F,0.0552,1,E,F
25,E1G,0.1592,1,E,G
26,E1H,-0.1444,1,E,H
27,E1I,0.1599,1,E,I
28,E1K,0.2382,1,E,K
29,E1L,0.0071,1,E,L
30,E1M,0.1184,1,E,M
31,E1N,-0.1528,1,E,N
32,E1P,0.0761,1,E,P
33,E1Q,0.1042,1,E,Q
34,E1R,0.2689,1,E,R
35,E1S,-0.0644,1,E,S
36,E1T,0.0298,1,E,T
37,E1V,0.1102,1,E,V
38,E1W,0.0886,1,E,W
39,E1Y,0.0577,1,E,Y
40,P2A,0.1697,2,P,A
41,P2C,0.0961,2,P,C
42,P2D,0.2502,2,P,D
43,P2E,0.296,2,P,E
44,P2F,0.364,2,P,F
45,P2G,0.4464,2,P,G
46,P2H,0.3146,2,P,H
47,P2I,0.3049,2,P,I
48,P2K,0.249,2,P,K
49,P2L,0.194,2,P,L
50,P2M,0.3061,2,P,M
51,P2N,0.2879,2,P,N
52,P2P,0.0,2,P,P
53,P2Q,0.2508,2,P,Q
54,P2R,0.341,2,P,R
55,P2S,0.3041,2,P,S
56,P2T,0.371,2,P,T
57,P2V,0.2877,2,P,V
58,P2W,0.3693,2,P,W
59,P2Y,0.4102,2,P,Y
60,D3A,0.1021,3,D,A
61,D3C,-0.1079,3,D,C
62,D3D,0.0,3,D,D
63,D3E,0.0755,3,D,E
64,D3F,0.1468,3,D,F
65,D3G,0.187,3,D,G
66,D3H,0.1556,3,D,H
67,D3I,0.2017,3,D,I
68,D3K,0.2736,3,D,K
69,D3L,0.0491,3,D,L
70,D3M,0.1567,3,D,M
71,D3N,0.0842,3,D,N
72,D3P,0.2061,3,D,P
73,D3Q,0.2166,3,D,Q
74,D3R,0.297,3,D,R
75,D3S,0.1616,3,D,S
76,D3T,0.1761,3,D,T
77,D3V,0.2058,3,D,V
78,D3W,0.1787,3,D,W
79,D3Y,0.2402,3,D,Y
80,G4A,0.0516,4,G,A
81,G4C,0.0471,4,G,C
82,G4D,0.2591,4,G,D
83,G4E,0.2509,4,G,E
84,G4F,0.4091,4,G,F
85,G4G,0.0,4,G,G
86,G4H,0.3418,4,G,H
87,G4I,0.3736,4,G,I
88,G4K,0.3019,4,G,K
89,G4L,0.2738,4,G,L
90,G4M,0.3482,4,G,M
91,G4N,0.2263,4,G,N
92,G4P,0.4109,4,G,P
93,G4Q,0.3193,4,G,Q
94,G4R,0.4017,4,G,R
95,G4S,0.1876,4,G,S
96,G4T,0.2713,4,G,T
97,G4V,0.3362,4,G,V
98,G4W,0.3789,4,G,W
99,G4Y,0.4427,4,G,Y
100,R5A,-0.0209,5,R,A
101,R5C,-0.1232,5,R,C
102,R5D,0.131,5,R,D
103,R5E,0.0592,5,R,E
104,R5F,0.1161,5,R,F
105,R5G,0.1309,5,R,G
106,R5H,0.0971,5,R,H
107,R5I,0.0259,5,R,I
108,R5K,-0.031,5,R,K
109,R5L,-0.0066,5,R,L
110,R5M,0.0693,5,R,M
111,R5N,0.0586,5,R,N
112,R5P,0.1292,5,R,P
113,R5Q,0.0671,5,R,Q
114,R5R,0.0,5,R,R
115,R5S,0.0539,5,R,S
116,R5T,0.0064,5,R,T
117,R5V,0.076,5,R,V
118,R5W,0.1496,5,R,W
119,R5Y,0.1709,5,R,Y
120,G6A,0.0036,6,G,A
121,G6C,-0.1037,6,G,C
122,G6D,0.0141,6,G,D
123,G6E,0.0971,6,G,E
124,G6F,0.242,6,G,F
125,G6G,0.0,6,G,G
126,G6H,0.229,6,G,H
127,G6I,0.3008,6,G,I
128,G6K,0.2958,6,G,K
129,G6L,0.2238,6,G,L
130,G6M,0.3071,6,G,M
131,G6N,0.1224,6,G,N
132,G6P,0.4013,6,G,P
133,G6Q,0.2232,6,G,Q
134,G6R,0.372,6,G,R
135,G6S,0.0059,6,G,S
136,G6T,-0.0083,6,G,T
137,G6V,0.1944,6,G,V
138,G6W,0.0539,6,G,W
139,G6Y,0.2232,6,G,Y
140,A7A,0.0,7,A,A
141,A7C,-0.1232,7,A,C
142,A7D,-0.0306,7,A,D
143,A7E,-0.0071,7,A,E
144,A7F,0.1926,7,A,F
145,A7G,0.172,7,A,G
146,A7H,0.1582,7,A,H
147,A7I,0.1074,7,A,I
148,A7K,0.1312,7,A,K
149,A7L,-0.0114,7,A,L
150,A7M,0.1094,7,A,M
151,A7N,0.0945,7,A,N
152,A7P,0.0705,7,A,P
153,A7Q,0.0704,7,A,Q
154,A7R,0.202,7,A,R
155,A7S,0.1385,7,A,S
156,A7T,0.1651,7,A,T
157,A7V,0.0752,7,A,V
158,A7W,0.2012,7,A,W
159,A7Y,0.3011,7,A,Y
160,W8A,0.4177,8,W,A
161,W8C,0.2025,8,W,C
162,W8D,0.637,8,W,D
163,W8E,0.6562,8,W,E
164,W8F,0.1808,8,W,F
165,W8G,0.5454,8,W,G
166,W8H,0.4343,8,W,H
167,W8I,0.3368,8,W,I
168,W8K,0.3993,8,W,K
169,W8L,0.2383,8,W,L
170,W8M,0.2569,8,W,M
171,W8N,0.4888,8,W,N
172,W8P,0.7324,8,W,P
173,W8Q,0.4473,8,W,Q
174,W8R,0.3945,8,W,R
175,W8S,0.5068,8,W,S
176,W8T,0.5972,8,W,T
177,W8V,0.4527,8,W,V
178,W8W,0.0,8,W,W
179,W8Y,0.2023,8,W,Y
180,A9A,0.0,9,A,A
181,A9C,0.0472,9,A,C
182,A9D,0.1209,9,A,D
183,A9E,0.0043,9,A,E
184,A9F,0.3362,9,A,F
185,A9G,0.2868,9,A,G
186,A9H,0.2315,9,A,H
187,A9I,0.2472,9,A,I
188,A9K,0.1286,9,A,K
189,A9L,0.1453,9,A,L
190,A9M,0.231,9,A,M
191,A9N,0.2024,9,A,N
192,A9P,0.4861,9,A,P
193,A9Q,0.1214,9,A,Q
194,A9R,0.1688,9,A,R
195,A9S,0.1556,9,A,S
196,A9T,0.3018,9,A,T
197,A9V,0.2206,9,A,V
198,A9W,0.2815,9,A,W
199,A9Y,0.3695,9,A,Y
200,H10A,-0.0169,10,H,A
201,H10C,-0.0835,10,H,C
202,H10D,0.0138,10,H,D
203,H10E,-0.1094,10,H,E
204,H10F,0.1351,10,H,F
205,H10G,0.3394,10,H,G
206,H10H,0.0,10,H,H
207,H10I,0.1213,10,H,I
208,H10K,0.1006,10,H,K
209,H10L,0.0547,10,H,L
210,H10M,0.1398,10,H,M
211,H10N,0.1174,10,H,N
212,H10P,0.1571,10,H,P
213,H10Q,0.0081,10,H,Q
214,H10R,0.1253,10,H,R
215,H10S,0.0726,10,H,S
216,H10T,0.1504,10,H,T
217,H10V,0.0883,10,H,V
218,H10W,-0.0091,10,H,W
219,H10Y,0.0605,10,H,Y
220,S11A,-0.4747,11,S,A
221,S11C,-0.9875,11,S,C
222,S11D,0.6436,11,S,D
223,S11E,0.2302,11,S,E
224,S11F,-1.0242,11,S,F
225,S11G,0.4718,11,S,G
226,S11H,-0.1482,11,S,H
227,S11I,-1.0585,11,S,I
228,S11K,0.0824,11,S,K
229,S11L,-0.9645,11,S,L
230,S11M,-0.9545,11,S,M
231,S11N,0.3824,11,S,N
232,S11P,0.378,11,S,P
233,S11Q,-0.0292,11,S,Q
234,S11R,0.1332,11,S,R
235,S11S,0.0,11,S,S
236,S11T,-0.0197,11,S,T
237,S11V,-0.8175,11,S,V
238,S11W,-0.9867,11,S,W
239,S11Y,-0.8579,11,S,Y
240,R12A,0.1149,12,R,A
241,R12C,0.2177,12,R,C
242,R12D,0.9996,12,R,D
243,R12E,0.4994,12,R,E
244,R12F,0.3243,12,R,F
245,R12G,0.6415,12,R,G
246,R12H,0.5102,12,R,H
247,R12I,0.3908,12,R,I
248,R12K,0.1327,12,R,K
249,R12L,0.2624,12,R,L
250,R12M,0.1896,12,R,M
251,R12N,0.8784,12,R,N
252,R12P,1.4476,12,R,P
253,R12Q,0.2698,12,R,Q
254,R12R,0.0,12,R,R
255,R12S,0.5496,12,R,S
256,R12T,0.7612,12,R,T
257,R12V,0.5531,12,R,V
258,R12W,0.1626,12,R,W
259,R12Y,0.2698,12,R,Y
260,A13A,0.0,13,A,A
261,A13C,0.0225,13,A,C
262,A13D,0.1818,13,A,D
263,A13E,-0.0418,13,A,E
264,A13F,0.3063,13,A,F
265,A13G,0.5041,13,A,G
266,A13H,0.2702,13,A,H
267,A13I,0.1161,13,A,I
268,A13K,0.1138,13,A,K
269,A13L,0.0425,13,A,L
270,A13M,0.1215,13,A,M
271,A13N,0.3116,13,A,N
272,A13P,0.9718,13,A,P
273,A13Q,0.0666,13,A,Q
274,A13R,0.1384,13,A,R
275,A13S,0.2059,13,A,S
276,A13T,0.298,13,A,T
277,A13V,0.1405,13,A,V
278,A13W,0.1416,13,A,W
279,A13Y,0.2791,13,A,Y
280,A14A,0.0,14,A,A
281,A14C,-0.5451,14,A,C
282,A14D,0.5993,14,A,D
283,A14E,0.1552,14,A,E
284,A14F,-0.4138,14,A,F
285,A14G,0.6541,14,A,G
286,A14H,0.1386,14,A,H
287,A14I,-0.2747,14,A,I
288,A14K,0.3034,14,A,K
289,A14L,-0.458,14,A,L
290,A14M,-0.3783,14,A,M
291,A14N,0.434,14,A,N
292,A14P,1.1448,14,A,P
293,A14Q,0.2021,14,A,Q
294,A14R,0.3033,14,A,R
295,A14S,0.3697,14,A,S
296,A14T,0.2805,14,A,T
297,A14V,-0.1524,14,A,V
298,A14W,-0.6033,14,A,W
299,A14Y,-0.3949,14,A,Y
300,L15A,1.1276,15,L,A
301,L15C,0.6758,15,L,C
302,L15D,1.9764,15,L,D
303,L15E,1.6505,15,L,E
304,L15F,0.5128,15,L,F
305,L15G,1.8432,15,L,G
306,L15H,1.4055,15,L,H
307,L15I,-0.0573,15,L,I
308,L15K,1.4402,15,L,K
309,L15L,0.0,15,L,L
310,L15M,0.5947,15,L,M
311,L15N,1.7846,15,L,N
312,L15P,1.9005,15,L,P
313,L15Q,1.5677,15,L,Q
314,L15R,1.4231,15,L,R
315,L15S,1.5093,15,L,S
316,L15T,1.0577,15,L,T
317,L15V,0.1838,15,L,V
318,L15W,0.658,15,L,W
319,L15Y,0.5948,15,L,Y
320,D16A,-0.1083,16,D,A
321,D16C,-0.1589,16,D,C
322,D16D,0.0,16,D,D
323,D16E,-0.3271,16,D,E
324,D16F,0.082,16,D,F
325,D16G,0.6205,16,D,G
326,D16H,0.0706,16,D,H
327,D16I,-0.2663,16,D,I
328,D16K,0.0313,16,D,K
329,D16L,-0.1402,16,D,L
330,D16M,-0.0308,16,D,M
331,D16N,0.2575,16,D,N
332,D16P,1.005,16,D,P
333,D16Q,-0.1297,16,D,Q
334,D16R,0.0137,16,D,R
335,D16S,0.1201,16,D,S
336,D16T,0.0809,16,D,T
337,D16V,-0.3295,16,D,V
338,D16W,-0.2038,16,D,W
339,D16Y,-0.0461,16,D,Y
340,R17A,-0.125,17,R,A
341,R17C,-0.3429,17,R,C
342,R17D,0.066,17,R,D
343,R17E,-0.1494,17,R,E
344,R17F,-0.2115,17,R,F
345,R17G,0.3999,17,R,G
346,R17H,0.0112,17,R,H
347,R17I,-0.209,17,R,I
348,R17K,0.0221,17,R,K
349,R17L,-0.2296,17,R,L
350,R17M,-0.1412,17,R,M
351,R17N,0.2017,17,R,N
352,R17P,0.8863,17,R,P
353,R17Q,-0.0365,17,R,Q
354,R17R,0.0,17,R,R
355,R17S,0.0873,17,R,S
356,R17T,0.0377,17,R,T
357,R17V,-0.1418,17,R,V
358,R17W,-0.4544,17,R,W
359,R17Y,-0.3268,17,R,Y
360,L18A,0.7436,18,L,A
361,L18C,0.265,18,L,C
362,L18D,1.5545,18,L,D
363,L18E,1.3507,18,L,E
364,L18F,0.3327,18,L,F
365,L18G,1.5828,18,L,G
366,L18H,0.9757,18,L,H
367,L18I,-0.0137,18,L,I
368,L18K,1.1086,18,L,K
369,L18L,0.0,18,L,L
370,L18M,0.3388,18,L,M
371,L18N,1.3291,18,L,N
372,L18P,1.6734,18,L,P
373,L18Q,1.1243,18,L,Q
374,L18R,1.1978,18,L,R
375,L18S,1.207,18,L,S
376,L18T,1.0248,18,L,T
377,L18V,0.2621,18,L,V
378,L18W,0.1183,18,L,W
379,L18Y,0.2917,18,L,Y
380,E19A,0.4686,19,E,A
381,E19C,0.1836,19,E,C
382,E19D,1.3305,19,E,D
383,E19E,0.0,19,E,E
384,E19F,0.7028,19,E,F
385,E19G,1.3597,19,E,G
386,E19H,1.0773,19,E,H
387,E19I,0.0438,19,E,I
388,E19K,1.0762,19,E,K
389,E19L,0.0998,19,E,L
390,E19M,0.1386,19,E,M
391,E19N,1.3035,19,E,N
392,E19P,2.1525,19,E,P
393,E19Q,0.5191,19,E,Q
394,E19R,1.1554,19,E,R
395,E19S,0.9007,19,E,S
396,E19T,0.7066,19,E,T
397,E19V,0.0996,19,E,V
398,E19W,0.6029,19,E,W
399,E19Y,0.718,19,E,Y
400,K20A,0.1699,20,K,A
401,K20C,0.1616,20,K,C
402,K20D,0.5043,20,K,D
403,K20E,0.205,20,K,E
404,K20F,0.424,20,K,F
405,K20G,0.6264,20,K,G
406,K20H,0.3274,20,K,H
407,K20I,0.1961,20,K,I
408,K20K,0.0,20,K,K
409,K20L,0.1442,20,K,L
410,K20M,0.1666,20,K,M
411,K20N,0.3756,20,K,N
412,K20P,1.4246,20,K,P
413,K20Q,0.0285,20,K,Q
414,K20R,0.0565,20,K,R
415,K20S,0.3101,20,K,S
416,K20T,0.351,20,K,T
417,K20V,0.2436,20,K,V
418,K20W,0.3413,20,K,W
419,K20Y,0.4127,20,K,Y
420,L21A,0.3155,21,L,A
421,L21C,0.0187,21,L,C
422,L21D,0.7512,21,L,D
423,L21E,0.5151,21,L,E
424,L21F,0.1206,21,L,F
425,L21G,0.7715,21,L,G
426,L21H,0.3562,21,L,H
427,L21I,0.0646,21,L,I
428,L21K,0.2903,21,L,K
429,L21L,0.0,21,L,L
430,L21M,0.1386,21,L,M
431,L21N,0.5729,21,L,N
432,L21P,1.1416,21,L,P
433,L21Q,0.2835,21,L,Q
434,L21R,0.3378,21,L,R
435,L21S,0.4305,21,L,S
436,L21T,0.2731,21,L,T
437,L21V,0.1495,21,L,V
438,L21W,-0.0941,21,L,W
439,L21Y,0.0226,21,L,Y
440,L22A,1.2055,22,L,A
441,L22C,0.6475,22,L,C
442,L22D,2.3465,22,L,D
443,L22E,2.0941,22,L,E
444,L22F,1.1098,22,L,F
445,L22G,1.642,22,L,G
446,L22H,1.8771,22,L,H
447,L22I,0.5291,22,L,I
448,L22K,1.9864,22,L,K
449,L22L,0.0,22,L,L
450,L22M,0.9097,22,L,M
451,L22N,1.9233,22,L,N
452,L22P,2.1756,22,L,P
453,L22Q,2.1054,22,L,Q
454,L22R,2.1248,22,L,R
455,L22S,1.7887,22,L,S
456,L22T,1.5347,22,L,T
457,L22V,0.6234,22,L,V
458,L22W,1.3905,22,L,W
459,L22Y,1.3216,22,L,Y
460,R23A,0.3992,23,R,A
461,R23C,0.1234,23,R,C
462,R23D,0.8718,23,R,D
463,R23E,0.5218,23,R,E
464,R23F,0.2269,23,R,F
465,R23G,0.8955,23,R,G
466,R23H,0.3655,23,R,H
467,R23I,0.0137,23,R,I
468,R23K,0.2102,23,R,K
469,R23L,-0.0842,23,R,L
470,R23M,0.0648,23,R,M
471,R23N,0.5232,23,R,N
472,R23P,1.4932,23,R,P
473,R23Q,0.3364,23,R,Q
474,R23R,0.0,23,R,R
475,R23S,0.3908,23,R,S
476,R23T,0.0287,23,R,T
477,R23V,0.0745,23,R,V
478,R23W,0.1306,23,R,W
479,R23Y,0.1631,23,R,Y
480,C24A,0.2379,24,C,A
481,C24C,0.0,24,C,C
482,C24D,-0.4706,24,C,D
483,C24E,1.6403,24,C,E
484,C24F,-0.0322,24,C,F
485,C24G,1.1885,24,C,G
486,C24H,0.5774,24,C,H
487,C24I,-1.106,24,C,I
488,C24K,1.0274,24,C,K
489,C24L,-0.0691,24,C,L
490,C24M,0.3808,24,C,M
491,C24N,0.035,24,C,N
492,C24P,0.8481,24,C,P
493,C24Q,1.0563,24,C,Q
494,C24R,0.8559,24,C,R
495,C24S,0.0524,24,C,S
496,C24T,0.8909,24,C,T
497,C24V,-0.7311,24,C,V
498,C24W,0.6238,24,C,W
499,C24Y,0.4382,24,C,Y
500,S25A,-0.1866,25,S,A
501,S25C,-0.6914,25,S,C
502,S25D,0.5246,25,S,D
503,S25E,0.0663,25,S,E
504,S25F,-0.606,25,S,F
505,S25G,0.2242,25,S,G
506,S25H,-0.371,25,S,H
507,S25I,-0.6103,25,S,I
508,S25K,-0.0504,25,S,K
509,S25L,-0.324,25,S,L
510,S25M,-0.364,25,S,M
511,S25N,0.1226,25,S,N
512,S25P,0.8155,25,S,P
513,S25Q,-0.0308,25,S,Q
514,S25R,-0.1106,25,S,R
515,S25S,0.0,25,S,S
516,S25T,-0.132,25,S,T
517,S25V,-0.617,25,S,V
518,S25W,-0.4129,25,S,W
519,S25Y,-0.6758,25,S,Y
520,R26A,0.3904,26,R,A
521,R26C,0.2244,26,R,C
522,R26D,1.0572,26,R,D
523,R26E,0.9804,26,R,E
524,R26F,0.2681,26,R,F
525,R26G,0.7197,26,R,G
526,R26H,0.0931,26,R,H
527,R26I,0.493,26,R,I
528,R26K,0.0516,26,R,K
529,R26L,0.4167,26,R,L
530,R26M,0.3751,26,R,M
531,R26N,0.5037,26,R,N
532,R26P,0.5202,26,R,P
533,R26Q,0.376,26,R,Q
534,R26R,0.0,26,R,R
535,R26S,0.5374,26,R,S
536,R26T,0.8772,26,R,T
537,R26V,0.7408,26,R,V
538,R26W,0.2711,26,R,W
539,R26Y,0.093,26,R,Y
540,C27A,0.3303,27,C,A
541,C27C,0.0,27,C,C
542,C27D,0.3346,27,C,D
543,C27E,1.4345,27,C,E
544,C27F,0.2204,27,C,F
545,C27G,1.2868,27,C,G
546,C27H,0.0607,27,C,H
547,C27I,0.0943,27,C,I
548,C27K,0.4969,27,C,K
549,C27L,0.4164,27,C,L
550,C27M,0.5789,27,C,M
551,C27N,0.1437,27,C,N
552,C27P,1.1476,27,C,P
553,C27Q,0.7082,27,C,Q
554,C27R,0.424,27,C,R
555,C27S,0.2753,27,C,S
556,C27T,0.9316,27,C,T
557,C27V,0.223,27,C,V
558,C27W,0.405,27,C,W
559,C27Y,0.0882,27,C,Y
560,T28A,-0.3238,28,T,A
561,T28C,-0.4033,28,T,C
562,T28D,0.0316,28,T,D
563,T28E,-0.0825,28,T,E
564,T28F,-0.1818,28,T,F
565,T28G,-0.3638,28,T,G
566,T28H,-0.3059,28,T,H
567,T28I,0.0638,28,T,I
568,T28K,-0.5132,28,T,K
569,T28L,-0.24,28,T,L
570,T28M,-0.3339,28,T,M
571,T28N,-0.4147,28,T,N
572,T28P,0.7726,28,T,P
573,T28Q,-0.4179,28,T,Q
574,T28R,-0.4082,28,T,R
575,T28S,-0.2443,28,T,S
576,T28T,0.0,28,T,T
577,T28V,0.0486,28,T,V
578,T28W,-0.0642,28,T,W
579,T28Y,-0.0924,28,T,Y
580,N29A,-0.399,29,N,A
581,N29C,-0.2322,29,N,C
582,N29D,0.2012,29,N,D
583,N29E,0.0289,29,N,E
584,N29F,0.1792,29,N,F
585,N29G,0.0425,29,N,G
586,N29H,0.016,29,N,H
587,N29I,0.0761,29,N,I
588,N29K,-0.2082,29,N,K
589,N29L,0.0228,29,N,L
590,N29M,-0.0601,29,N,M
591,N29N,0.0,29,N,N
592,N29P,1.6008,29,N,P
593,N29Q,-0.1619,29,N,Q
594,N29R,-0.1973,29,N,R
595,N29S,-0.1907,29,N,S
596,N29T,-0.0079,29,N,T
597,N29V,0.0163,29,N,V
598,N29W,0.182,29,N,W
599,N29Y,0.1685,29,N,Y
600,I30A,1.1163,30,I,A
601,I30C,0.7199,30,I,C
602,I30D,1.3354,30,I,D
603,I30E,1.3748,30,I,E
604,I30F,0.7854,30,I,F
605,I30G,1.6154,30,I,G
606,I30H,1.1713,30,I,H
607,I30I,0.0,30,I,I
608,I30K,1.1848,30,I,K
609,I30L,0.3217,30,I,L
610,I30M,0.6059,30,I,M
611,I30N,1.3867,30,I,N
612,I30P,0.942,30,I,P
613,I30Q,1.1952,30,I,Q
614,I30R,1.2364,30,I,R
615,I30S,1.1473,30,I,S
616,I30T,0.8837,30,I,T
617,I30V,0.238,30,I,V
618,I30W,0.7747,30,I,W
619,I30Y,0.9326,30,I,Y
620,L31A,-0.1044,31,L,A
621,L31C,-0.2158,31,L,C
622,L31D,0.6255,31,L,D
623,L31E,0.915,31,L,E
624,L31F,0.0401,31,L,F
625,L31G,0.3702,31,L,G
626,L31H,0.4195,31,L,H
627,L31I,-0.1003,31,L,I
628,L31K,0.6034,31,L,K
629,L31L,0.0,31,L,L
630,L31M,0.021,31,L,M
631,L31N,0.6114,31,L,N
632,L31P,0.5669,31,L,P
633,L31Q,0.5163,31,L,Q
634,L31R,0.6884,31,L,R
635,L31S,0.1433,31,L,S
636,L31T,0.1795,31,L,T
637,L31V,0.0019,31,L,V
638,L31W,0.0291,31,L,W
639,L31Y,0.1069,31,L,Y
640,R32A,0.0827,32,R,A
641,R32C,-0.2217,32,R,C
642,R32D,0.2216,32,R,D
643,R32E,0.067,32,R,E
644,R32F,-0.2065,32,R,F
645,R32G,0.4345,32,R,G
646,R32H,-0.0736,32,R,H
647,R32I,-0.2412,32,R,I
648,R32K,0.0016,32,R,K
649,R32L,-0.0506,32,R,L
650,R32M,0.0306,32,R,M
651,R32N,0.1888,32,R,N
652,R32P,0.5801,32,R,P
653,R32Q,0.0588,32,R,Q
654,R32R,0.0,32,R,R
655,R32S,-0.0014,32,R,S
656,R32T,-0.1938,32,R,T
657,R32V,-0.214,32,R,V
658,R32W,-0.2415,32,R,W
659,R32Y,-0.2828,32,R,Y
660,E33A,-0.2359,33,E,A
661,E33C,-0.5412,33,E,C
662,E33D,0.0126,33,E,D
663,E33E,0.0,33,E,E
664,E33F,-0.3918,33,E,F
665,E33G,-0.0609,33,E,G
666,E33H,-0.2028,33,E,H
667,E33I,0.0857,33,E,I
668,E33K,-0.1811,33,E,K
669,E33L,-0.2677,33,E,L
670,E33M,-0.224,33,E,M
671,E33N,-0.1903,33,E,N
672,E33P,0.8613,33,E,P
673,E33Q,-0.1342,33,E,Q
674,E33R,-0.147,33,E,R
675,E33S,-0.1446,33,E,S
676,E33T,0.031,33,E,T
677,E33V,0.09,33,E,V
678,E33W,-0.3962,33,E,W
679,E33Y,-0.3161,33,E,Y
680,P34A,-0.0801,34,P,A
681,P34C,-0.397,34,P,C
682,P34D,0.648,34,P,D
683,P34E,0.8553,34,P,E
684,P34F,-0.5956,34,P,F
685,P34G,0.1177,34,P,G
686,P34H,0.3655,34,P,H
687,P34I,-0.3151,34,P,I
688,P34K,0.4917,34,P,K
689,P34L,-0.2131,34,P,L
690,P34M,-0.2964,34,P,M
691,P34N,0.6514,34,P,N
692,P34P,0.0,34,P,P
693,P34Q,0.5292,34,P,Q
694,P34R,0.4176,34,P,R
695,P34S,0.3056,34,P,S
696,P34T,0.288,34,P,T
697,P34V,-0.1778,34,P,V
698,P34W,-0.4792,34,P,W
699,P34Y,-0.3236,34,P,Y
700,V35A,0.8217,35,V,A
701,V35C,0.6421,35,V,C
702,V35D,1.4556,35,V,D
703,V35E,1.6965,35,V,E
704,V35F,1.0836,35,V,F
705,V35G,1.5892,35,V,G
706,V35H,1.3234,35,V,H
707,V35I,0.5565,35,V,I
708,V35K,1.7293,35,V,K
709,V35L,0.9197,35,V,L
710,V35M,1.0747,35,V,M
711,V35N,1.5585,35,V,N
712,V35P,1.2029,35,V,P
713,V35Q,1.5034,35,V,Q
714,V35R,1.6643,35,V,R
715,V35S,1.2237,35,V,S
716,V35T,0.8956,35,V,T
717,V35V,0.0,35,V,V
718,V35W,1.1974,35,V,W
719,V35Y,1.1922,35,V,Y
720,C36A,0.5887,36,C,A
721,C36C,0.0,36,C,C
722,C36D,0.5555,36,C,D
723,C36E,0.3083,36,C,E
724,C36F,0.1389,36,C,F
725,C36G,0.8991,36,C,G
726,C36H,0.4472,36,C,H
727,C36I,0.0865,36,C,I
728,C36K,0.8376,36,C,K
729,C36L,0.3086,36,C,L
730,C36M,0.3315,36,C,M
731,C36N,0.722,36,C,N
732,C36P,0.6262,36,C,P
733,C36Q,0.6364,36,C,Q
734,C36R,0.8154,36,C,R
735,C36S,0.5919,36,C,S
736,C36T,0.4507,36,C,T
737,C36V,0.2086,36,C,V
738,C36W,0.0273,36,C,W
739,C36Y,0.1691,36,C,Y
740,L37A,0.3875,37,L,A
741,L37C,0.1469,37,L,C
742,L37D,0.6067,37,L,D
743,L37E,0.8398,37,L,E
744,L37F,0.0675,37,L,F
745,L37G,1.0779,37,L,G
746,L37H,0.4618,37,L,H
747,L37I,-0.0312,37,L,I
748,L37K,0.9237,37,L,K
749,L37L,0.0,37,L,L
750,L37M,0.263,37,L,M
751,L37N,0.5998,37,L,N
752,L37P,0.7719,37,L,P
753,L37Q,0.721,37,L,Q
754,L37R,1.0169,37,L,R
755,L37S,0.6476,37,L,S
756,L37T,0.6247,37,L,T
757,L37V,0.007,37,L,V
758,L37W,0.0212,37,L,W
759,L37Y,0.061,37,L,Y
760,G38A,-0.0086,38,G,A
761,G38C,-0.1807,38,G,C
762,G38D,0.4181,38,G,D
763,G38E,0.8839,38,G,E
764,G38F,0.0066,38,G,F
765,G38G,0.0,38,G,G
766,G38H,0.1699,38,G,H
767,G38I,0.5281,38,G,I
768,G38K,1.0351,38,G,K
769,G38L,0.7777,38,G,L
770,G38M,0.4565,38,G,M
771,G38N,0.5069,38,G,N
772,G38P,0.6363,38,G,P
773,G38Q,0.6111,38,G,Q
774,G38R,0.9627,38,G,R
775,G38S,0.1286,38,G,S
776,G38T,0.3464,38,G,T
777,G38V,0.5188,38,G,V
778,G38W,-0.1147,38,G,W
779,G38Y,-0.0306,38,G,Y
780,G39A,-0.0914,39,G,A
781,G39C,0.024,39,G,C
782,G39D,0.4061,39,G,D
783,G39E,0.2328,39,G,E
784,G39F,0.2545,39,G,F
785,G39G,0.0,39,G,G
786,G39H,0.2185,39,G,H
787,G39I,0.2724,39,G,I
788,G39K,-0.0277,39,G,K
789,G39L,0.2419,39,G,L
790,G39M,0.253,39,G,M
791,G39N,0.2074,39,G,N
792,G39P,0.0588,39,G,P
793,G39Q,0.0859,39,G,Q
794,G39R,0.0762,39,G,R
795,G39S,0.0613,39,G,S
796,G39T,0.1924,39,G,T
797,G39V,0.2604,39,G,V
798,G39W,0.3475,39,G,W
799,G39Y,0.3255,39,G,Y
800,C40A,0.0236,40,C,A
801,C40C,0.0,40,C,C
802,C40D,0.245,40,C,D
803,C40E,0.686,40,C,E
804,C40F,0.35,40,C,F
805,C40G,0.1069,40,C,G
806,C40H,0.3421,40,C,H
807,C40I,0.7069,40,C,I
808,C40K,0.3812,40,C,K
809,C40L,0.5231,40,C,L
810,C40M,0.3731,40,C,M
811,C40N,0.1346,40,C,N
812,C40P,1.147,40,C,P
813,C40Q,0.3873,40,C,Q
814,C40R,0.375,40,C,R
815,C40S,-0.0381,40,C,S
816,C40T,0.5504,40,C,T
817,C40V,0.7532,40,C,V
818,C40W,0.207,40,C,W
819,C40Y,0.4291,40,C,Y
820,E41A,-0.4161,41,E,A
821,E41C,-0.5638,41,E,C
822,E41D,0.0903,41,E,D
823,E41E,0.0,41,E,E
824,E41F,-0.2748,41,E,F
825,E41G,-0.7327,41,E,G
826,E41H,-0.3816,41,E,H
827,E41I,0.1613,41,E,I
828,E41K,-0.4972,41,E,K
829,E41L,-0.1297,41,E,L
830,E41M,-0.1804,41,E,M
831,E41N,-0.3029,41,E,N
832,E41P,0.6384,41,E,P
833,E41Q,-0.369,41,E,Q
834,E41R,-0.4036,41,E,R
835,E41S,-0.2761,41,E,S
836,E41T,0.0634,41,E,T
837,E41V,0.1795,41,E,V
838,E41W,-0.2089,41,E,W
839,E41Y,-0.2107,41,E,Y
840,H42A,1.2491,42,H,A
841,H42C,0.6744,42,H,C
842,H42D,1.8914,42,H,D
843,H42E,1.5774,42,H,E
844,H42F,1.0385,42,H,F
845,H42G,1.8591,42,H,G
846,H42H,0.0,42,H,H
847,H42I,0.9152,42,H,I
848,H42K,1.1376,42,H,K
849,H42L,1.2611,42,H,L
850,H42M,1.2424,42,H,M
851,H42N,0.8385,42,H,N
852,H42P,1.5009,42,H,P
853,H42Q,1.0613,42,H,Q
854,H42R,1.0473,42,H,R
855,H42S,1.3282,42,H,S
856,H42T,1.5956,42,H,T
857,H42V,1.0446,42,H,V
858,H42W,1.0323,42,H,W
859,H42Y,0.3892,42,H,Y
860,I43A,1.0124,43,I,A
861,I43C,0.4749,43,I,C
862,I43D,1.4693,43,I,D
863,I43E,1.5179,43,I,E
864,I43F,0.3768,43,I,F
865,I43G,1.4112,43,I,G
866,I43H,0.8334,43,I,H
867,I43I,0.0,43,I,I
868,I43K,1.0319,43,I,K
869,I43L,0.4599,43,I,L
870,I43M,0.5758,43,I,M
871,I43N,1.23,43,I,N
872,I43P,1.5549,43,I,P
873,I43Q,1.0221,43,I,Q
874,I43R,1.1405,43,I,R
875,I43S,1.1152,43,I,S
876,I43T,0.9464,43,I,T
877,I43V,0.3508,43,I,V
878,I43W,0.2604,43,I,W
879,I43Y,0.3445,43,I,Y
880,F44A,0.608,44,F,A
881,F44C,0.3856,44,F,C
882,F44D,0.9436,44,F,D
883,F44E,0.8843,44,F,E
884,F44F,0.0,44,F,F
885,F44G,0.97,44,F,G
886,F44H,0.9109,44,F,H
887,F44I,0.4345,44,F,I
888,F44K,1.1553,44,F,K
889,F44L,0.5418,44,F,L
890,F44M,0.5724,44,F,M
891,F44N,1.1525,44,F,N
892,F44P,1.0874,44,F,P
893,F44Q,0.9483,44,F,Q
894,F44R,1.1401,44,F,R
895,F44S,0.8315,44,F,S
896,F44T,0.7938,44,F,T
897,F44V,0.4327,44,F,V
898,F44W,-0.1239,44,F,W
899,F44Y,0.2233,44,F,Y
900,C45A,-0.0134,45,C,A
901,C45C,0.0,45,C,C
902,C45D,0.7319,45,C,D
903,C45E,1.3296,45,C,E
904,C45F,0.2603,45,C,F
905,C45G,0.9854,45,C,G
906,C45H,-0.2684,45,C,H
907,C45I,0.685,45,C,I
908,C45K,0.6628,45,C,K
909,C45L,0.7771,45,C,L
910,C45M,0.6597,45,C,M
911,C45N,0.3376,45,C,N
912,C45P,0.4419,45,C,P
913,C45Q,0.6035,45,C,Q
914,C45R,0.6218,45,C,R
915,C45S,0.1234,45,C,S
916,C45T,1.1116,45,C,T
917,C45V,0.8172,45,C,V
918,C45W,-0.0534,45,C,W
919,C45Y,-0.1017,45,C,Y
920,S46A,-0.1241,46,S,A
921,S46C,-0.0054,46,S,C
922,S46D,0.6966,46,S,D
923,S46E,0.5297,46,S,E
924,S46F,0.1535,46,S,F
925,S46G,0.2396,46,S,G
926,S46H,0.1375,46,S,H
927,S46I,0.027,46,S,I
928,S46K,-0.2038,46,S,K
929,S46L,0.1819,46,S,L
930,S46M,0.1209,46,S,M
931,S46N,0.3906,46,S,N
932,S46P,0.3827,46,S,P
933,S46Q,0.1301,46,S,Q
934,S46R,-0.2288,46,S,R
935,S46S,0.0,46,S,S
936,S46T,0.2061,46,S,T
937,S46V,0.0639,46,S,V
938,S46W,0.1326,46,S,W
939,S46Y,0.1229,46,S,Y
940,N47A,-0.1273,47,N,A
941,N47C,-0.1591,47,N,C
942,N47D,0.0383,47,N,D
943,N47E,0.007,47,N,E
944,N47F,0.2008,47,N,F
945,N47G,0.0514,47,N,G
946,N47H,0.0069,47,N,H
947,N47I,0.2313,47,N,I
948,N47K,0.0093,47,N,K
949,N47L,0.1811,47,N,L
950,N47M,0.1878,47,N,M
951,N47N,0.0,47,N,N
952,N47P,0.8892,47,N,P
953,N47Q,0.0246,47,N,Q
954,N47R,0.0147,47,N,R
955,N47S,-0.072,47,N,S
956,N47T,0.0652,47,N,T
957,N47V,0.1631,47,N,V
958,N47W,0.1428,47,N,W
959,N47Y,0.1408,47,N,Y
960,C48A,0.4234,48,C,A
961,C48C,0.0,48,C,C
962,C48D,0.1059,48,C,D
963,C48E,1.182,48,C,E
964,C48F,0.3289,48,C,F
965,C48G,1.1212,48,C,G
966,C48H,0.1264,48,C,H
967,C48I,0.0403,48,C,I
968,C48K,0.7139,48,C,K
969,C48L,0.2988,48,C,L
970,C48M,0.4851,48,C,M
971,C48N,0.0188,48,C,N
972,C48P,1.2581,48,C,P
973,C48Q,0.5989,48,C,Q
974,C48R,0.6881,48,C,R
975,C48S,0.2235,48,C,S
976,C48T,0.963,48,C,T
977,C48V,0.1686,48,C,V
978,C48W,0.2769,48,C,W
979,C48Y,0.2335,48,C,Y
980,V49A,-0.0673,49,V,A
981,V49C,-0.1707,49,V,C
982,V49D,0.7309,49,V,D
983,V49E,0.7558,49,V,E
984,V49F,-0.0946,49,V,F
985,V49G,0.735,49,V,G
986,V49H,0.3708,49,V,H
987,V49I,-0.2145,49,V,I
988,V49K,0.753,49,V,K
989,V49L,-0.171,49,V,L
990,V49M,0.0198,49,V,M
991,V49N,0.6968,49,V,N
992,V49P,0.5848,49,V,P
993,V49Q,0.5984,49,V,Q
994,V49R,0.8946,49,V,R
995,V49S,0.479,49,V,S
996,V49T,0.7771,49,V,T
997,V49V,0.0,49,V,V
998,V49W,-0.3332,49,V,W
999,V49Y,-0.1386,49,V,Y
1000,S50A,-0.1716,50,S,A
1001,S50C,-0.0054,50,S,C
1002,S50D,0.3623,50,S,D
1003,S50E,0.1362,50,S,E
1004,S50F,0.322,50,S,F
1005,S50G,0.2461,50,S,G
1006,S50H,0.1111,50,S,H
1007,S50I,0.0771,50,S,I
1008,S50K,-0.1939,50,S,K
1009,S50L,0.1026,50,S,L
1010,S50M,0.1489,50,S,M
1011,S50N,0.1513,50,S,N
1012,S50P,0.0679,50,S,P
1013,S50Q,-0.0142,50,S,Q
1014,S50R,-0.1506,50,S,R
1015,S50S,0.0,50,S,S
1016,S50T,0.2192,50,S,T
1017,S50V,0.1024,50,S,V
1018,S50W,0.2117,50,S,W
1019,S50Y,0.2197,50,S,Y
1020,D51A,-0.0236,51,D,A
1021,D51C,-0.1584,51,D,C
1022,D51D,0.0,51,D,D
1023,D51E,-0.1878,51,D,E
1024,D51F,0.1301,51,D,F
1025,D51G,0.2686,51,D,G
1026,D51H,0.0296,51,D,H
1027,D51I,0.1258,51,D,I
1028,D51K,0.1119,51,D,K
1029,D51L,0.1025,51,D,L
1030,D51M,0.1304,51,D,M
1031,D51N,0.1196,51,D,N
1032,D51P,1.2155,51,D,P
1033,D51Q,-0.0462,51,D,Q
1034,D51R,0.1141,51,D,R
1035,D51S,0.0673,51,D,S
1036,D51T,0.0373,51,D,T
1037,D51V,0.0427,51,D,V
1038,D51W,0.0879,51,D,W
1039,D51Y,0.1069,51,D,Y
1040,C52A,0.6552,52,C,A
1041,C52C,0.0,52,C,C
1042,C52D,0.7859,52,C,D
1043,C52E,0.6185,52,C,E
1044,C52F,-0.2791,52,C,F
1045,C52G,0.9599,52,C,G
1046,C52H,0.452,52,C,H
1047,C52I,0.0147,52,C,I
1048,C52K,0.8476,52,C,K
1049,C52L,-0.0689,52,C,L
1050,C52M,-0.0784,52,C,M
1051,C52N,0.8057,52,C,N
1052,C52P,1.2439,52,C,P
1053,C52Q,0.5509,52,C,Q
1054,C52R,0.8363,52,C,R
1055,C52S,0.7332,52,C,S
1056,C52T,0.65,52,C,T
1057,C52V,0.2974,52,C,V
1058,C52W,-0.3808,52,C,W
1059,C52Y,-0.1913,52,C,Y
1060,I53A,0.7988,53,I,A
1061,I53C,0.4668,53,I,C
1062,I53D,1.258,53,I,D
1063,I53E,1.2371,53,I,E
1064,I53F,0.5537,53,I,F
1065,I53G,1.1302,53,I,G
1066,I53H,0.7187,53,I,H
1067,I53I,0.0,53,I,I
1068,I53K,0.461,53,I,K
1069,I53L,0.2398,53,I,L
1070,I53M,0.3958,53,I,M
1071,I53N,0.9157,53,I,N
1072,I53P,1.0725,53,I,P
1073,I53Q,0.7263,53,I,Q
1074,I53R,0.5232,53,I,R
1075,I53S,0.8794,53,I,S
1076,I53T,0.7522,53,I,T
1077,I53V,0.3407,53,I,V
1078,I53W,0.4777,53,I,W
1079,I53Y,0.5478,53,I,Y
1080,G54A,-0.1951,54,G,A
1081,G54C,-0.2298,54,G,C
1082,G54D,-0.0346,54,G,D
1083,G54E,-0.1304,54,G,E
1084,G54F,0.0906,54,G,F
1085,G54G,0.0,54,G,G
1086,G54H,-0.181,54,G,H
1087,G54I,0.1026,54,G,I
1088,G54K,-0.1425,54,G,K
1089,G54L,0.0993,54,G,L
1090,G54M,0.1545,54,G,M
1091,G54N,-0.0833,54,G,N
1092,G54P,0.0058,54,G,P
1093,G54Q,-0.0831,54,G,Q
1094,G54R,-0.0419,54,G,R
1095,G54S,-0.1163,54,G,S
1096,G54T,0.0861,54,G,T
1097,G54V,0.1032,54,G,V
1098,G54W,0.1599,54,G,W
1099,G54Y,-0.0167,54,G,Y
1100,T55A,0.1877,55,T,A
1101,T55C,-0.2144,55,T,C
1102,T55D,0.2545,55,T,D
1103,T55E,0.2177,55,T,E
1104,T55F,-0.1595,55,T,F
1105,T55G,0.3054,55,T,G
1106,T55H,0.0654,55,T,H
1107,T55I,-0.097,55,T,I
1108,T55K,0.1245,55,T,K
1109,T55L,-0.0852,55,T,L
1110,T55M,-0.0089,55,T,M
1111,T55N,0.1165,55,T,N
1112,T55P,0.4466,55,T,P
1113,T55Q,0.197,55,T,Q
1114,T55R,0.1607,55,T,R
1115,T55S,0.13,55,T,S
1116,T55T,0.0,55,T,T
1117,T55V,0.0234,55,T,V
1118,T55W,-0.2365,55,T,W
1119,T55Y,-0.1486,55,T,Y
1120,G56A,1.9256,56,G,A
1121,G56C,1.4628,56,G,C
1122,G56D,2.3915,56,G,D
1123,G56E,2.5077,56,G,E
1124,G56F,1.4525,56,G,F
1125,G56G,0.0,56,G,G
1126,G56H,1.9777,56,G,H
1127,G56I,2.0799,56,G,I
1128,G56K,2.3328,56,G,K
1129,G56L,1.822,56,G,L
1130,G56M,1.7913,56,G,M
1131,G56N,2.2163,56,G,N
1132,G56P,2.3656,56,G,P
1133,G56Q,2.1783,56,G,Q
1134,G56R,2.252,56,G,R
1135,G56S,2.2341,56,G,S
1136,G56T,2.4421,56,G,T
1137,G56V,2.0311,56,G,V
1138,G56W,1.5382,56,G,W
1139,G56Y,1.5631,56,G,Y
1140,C57A,0.3862,57,C,A
1141,C57C,0.0,57,C,C
1142,C57D,-0.5704,57,C,D
1143,C57E,1.4915,57,C,E
1144,C57F,-0.3047,57,C,F
1145,C57G,1.2858,57,C,G
1146,C57H,0.5274,57,C,H
1147,C57I,-1.1967,57,C,I
1148,C57K,0.8389,57,C,K
1149,C57L,-0.1707,57,C,L
1150,C57M,0.3432,57,C,M
1151,C57N,-0.0527,57,C,N
1152,C57P,0.8364,57,C,P
1153,C57Q,0.9619,57,C,Q
1154,C57R,0.6434,57,C,R
1155,C57S,0.1194,57,C,S
1156,C57T,0.732,57,C,T
1157,C57V,-0.6767,57,C,V
1158,C57W,0.5949,57,C,W
1159,C57Y,0.287,57,C,Y
1160,P58A,1.0752,58,P,A
1161,P58C,0.6687,58,P,C
1162,P58D,1.2189,58,P,D
1163,P58E,0.9774,58,P,E
1164,P58F,0.9507,58,P,F
1165,P58G,1.5591,58,P,G
1166,P58H,0.945,58,P,H
1167,P58I,0.7625,58,P,I
1168,P58K,1.0356,58,P,K
1169,P58L,0.675,58,P,L
1170,P58M,0.819,58,P,M
1171,P58N,1.1803,58,P,N
1172,P58P,0.0,58,P,P
1173,P58Q,0.9436,58,P,Q
1174,P58R,1.1279,58,P,R
1175,P58S,1.1222,58,P,S
1176,P58T,1.1487,58,P,T
1177,P58V,0.942,58,P,V
1178,P58W,0.8655,58,P,W
1179,P58Y,0.8341,58,P,Y
1180,V59A,0.5991,59,V,A
1181,V59C,0.0919,59,V,C
1182,V59D,0.4586,59,V,D
1183,V59E,0.4553,59,V,E
1184,V59F,0.2207,59,V,F
1185,V59G,0.7849,59,V,G
1186,V59H,0.2115,59,V,H
1187,V59I,-0.0541,59,V,I
1188,V59K,0.5167,59,V,K
1189,V59L,0.2149,59,V,L
1190,V59M,0.4417,59,V,M
1191,V59N,0.3537,59,V,N
1192,V59P,1.033,59,V,P
1193,V59Q,0.4481,59,V,Q
1194,V59R,0.5817,59,V,R
1195,V59S,0.3904,59,V,S
1196,V59T,0.1359,59,V,T
1197,V59V,0.0,59,V,V
1198,V59W,0.3445,59,V,W
1199,V59Y,0.2091,59,V,Y
1200,C60A,0.1422,60,C,A
1201,C60C,0.0,60,C,C
1202,C60D,0.413,60,C,D
1203,C60E,1.6646,60,C,E
1204,C60F,-0.04,60,C,F
1205,C60G,1.1283,60,C,G
1206,C60H,0.5565,60,C,H
1207,C60I,-0.1112,60,C,I
1208,C60K,0.8554,60,C,K
1209,C60L,0.4417,60,C,L
1210,C60M,0.525,60,C,M
1211,C60N,0.4934,60,C,N
1212,C60P,0.8131,60,C,P
1213,C60Q,0.9899,60,C,Q
1214,C60R,0.8137,60,C,R
1215,C60S,-0.0552,60,C,S
1216,C60T,0.3871,60,C,T
1217,C60V,0.0208,60,C,V
1218,C60W,0.3623,60,C,W
1219,C60Y,0.0912,60,C,Y
1220,Y61A,-0.1394,61,Y,A
1221,Y61C,-0.6283,61,Y,C
1222,Y61D,0.4024,61,Y,D
1223,Y61E,0.3267,61,Y,E
1224,Y61F,-0.2216,61,Y,F
1225,Y61G,-0.4831,61,Y,G
1226,Y61H,-0.5117,61,Y,H
1227,Y61I,0.6126,61,Y,I
1228,Y61K,-0.5719,61,Y,K
1229,Y61L,-0.2521,61,Y,L
1230,Y61M,-0.3294,61,Y,M
1231,Y61N,-0.6125,61,Y,N
1232,Y61P,1.1836,61,Y,P
1233,Y61Q,-0.4163,61,Y,Q
1234,Y61R,-0.3748,61,Y,R
1235,Y61S,-0.0273,61,Y,S
1236,Y61T,0.5245,61,Y,T
1237,Y61V,0.5206,61,Y,V
1238,Y61W,0.0129,61,Y,W
1239,Y61Y,0.0,61,Y,Y
1240,T62A,-0.4725,62,T,A
1241,T62C,-0.2112,62,T,C
1242,T62D,1.0495,62,T,D
1243,T62E,0.6569,62,T,E
1244,T62F,0.1332,62,T,F
1245,T62G,0.1997,62,T,G
1246,T62H,0.1563,62,T,H
1247,T62I,0.2517,62,T,I
1248,T62K,-0.0371,62,T,K
1249,T62L,0.4446,62,T,L
1250,T62M,0.1028,62,T,M
1251,T62N,0.5619,62,T,N
1252,T62P,1.5619,62,T,P
1253,T62Q,0.1175,62,T,Q
1254,T62R,-0.169,62,T,R
1255,T62S,-0.2186,62,T,S
1256,T62T,0.0,62,T,T
1257,T62V,0.0387,62,T,V
1258,T62W,0.0464,62,T,W
1259,T62Y,0.0182,62,T,Y
1260,P63A,0.3422,63,P,A
1261,P63C,0.1055,63,P,C
1262,P63D,0.5632,63,P,D
1263,P63E,0.4161,63,P,E
1264,P63F,0.3673,63,P,F
1265,P63G,0.5784,63,P,G
1266,P63H,0.3059,63,P,H
1267,P63I,0.1705,63,P,I
1268,P63K,0.015,63,P,K
1269,P63L,0.2368,63,P,L
1270,P63M,0.2949,63,P,M
1271,P63N,0.353,63,P,N
1272,P63P,0.0,63,P,P
1273,P63Q,0.1777,63,P,Q
1274,P63R,0.1729,63,P,R
1275,P63S,0.2271,63,P,S
1276,P63T,0.1437,63,P,T
1277,P63V,0.2197,63,P,V
1278,P63W,0.4672,63,P,W
1279,P63Y,0.399,63,P,Y
1280,A64A,0.0,64,A,A
1281,A64C,0.2793,64,A,C
1282,A64D,1.1487,64,A,D
1283,A64E,1.2583,64,A,E
1284,A64F,1.0113,64,A,F
1285,A64G,0.8028,64,A,G
1286,A64H,0.9931,64,A,H
1287,A64I,0.8458,64,A,I
1288,A64K,1.2495,64,A,K
1289,A64L,1.0198,64,A,L
1290,A64M,1.0036,64,A,M
1291,A64N,1.0646,64,A,N
1292,A64P,0.7673,64,A,P
1293,A64Q,1.1628,64,A,Q
1294,A64R,1.199,64,A,R
1295,A64S,0.4807,64,A,S
1296,A64T,0.6901,64,A,T
1297,A64V,0.2965,64,A,V
1298,A64W,0.9554,64,A,W
1299,A64Y,0.9858,64,A,Y
1300,W65A,0.4845,65,W,A
1301,W65C,-0.0517,65,W,C
1302,W65D,0.5962,65,W,D
1303,W65E,0.4356,65,W,E
1304,W65F,0.1295,65,W,F
1305,W65G,0.6686,65,W,G
1306,W65H,0.2234,65,W,H
1307,W65I,0.1923,65,W,I
1308,W65K,0.4662,65,W,K
1309,W65L,0.1867,65,W,L
1310,W65M,0.2889,65,W,M
1311,W65N,0.3708,65,W,N
1312,W65P,0.8466,65,W,P
1313,W65Q,0.4028,65,W,Q
1314,W65R,0.5196,65,W,R
1315,W65S,0.4355,65,W,S
1316,W65T,0.2009,65,W,T
1317,W65V,0.2083,65,W,V
1318,W65W,0.0,65,W,W
1319,W65Y,0.0538,65,W,Y
1320,I66A,-0.1073,66,I,A
1321,I66C,-0.3014,66,I,C
1322,I66D,-0.0035,66,I,D
1323,I66E,0.0995,66,I,E
1324,I66F,-0.0439,66,I,F
1325,I66G,0.1517,66,I,G
1326,I66H,-0.0273,66,I,H
1327,I66I,0.0,66,I,I
1328,I66K,0.3141,66,I,K
1329,I66L,-0.1404,66,I,L
1330,I66M,-0.0528,66,I,M
1331,I66N,0.0363,66,I,N
1332,I66P,0.041,66,I,P
1333,I66Q,0.1332,66,I,Q
1334,I66R,0.349,66,I,R
1335,I66S,-0.022,66,I,S
1336,I66T,0.0039,66,I,T
1337,I66V,-0.0177,66,I,V
1338,I66W,-0.2461,66,I,W
1339,I66Y,-0.0832,66,I,Y
1340,Q67A,-0.016,67,Q,A
1341,Q67C,-0.2608,67,Q,C
1342,Q67D,0.1694,67,Q,D
1343,Q67E,0.1968,67,Q,E
1344,Q67F,-0.1118,67,Q,F
1345,Q67G,0.2306,67,Q,G
1346,Q67H,-0.1802,67,Q,H
1347,Q67I,-0.1102,67,Q,I
1348,Q67K,-0.1963,67,Q,K
1349,Q67L,-0.0178,67,Q,L
1350,Q67M,0.0826,67,Q,M
1351,Q67N,-0.027,67,Q,N
1352,Q67P,-0.0995,67,Q,P
1353,Q67Q,0.0,67,Q,Q
1354,Q67R,-0.1703,67,Q,R
1355,Q67S,-0.015,67,Q,S
1356,Q67T,0.0275,67,Q,T
1357,Q67V,-0.0127,67,Q,V
1358,Q67W,-0.1292,67,Q,W
1359,Q67Y,-0.1745,67,Q,Y
1360,D68A,0.1112,68,D,A
1361,D68C,-0.2017,68,D,C
1362,D68D,0.0,68,D,D
1363,D68E,0.0133,68,D,E
1364,D68F,-0.114,68,D,F
1365,D68G,0.2178,68,D,G
1366,D68H,-0.0987,68,D,H
1367,D68I,0.0561,68,D,I
1368,D68K,0.1214,68,D,K
1369,D68L,0.0358,68,D,L
1370,D68M,0.1597,68,D,M
1371,D68N,0.0385,68,D,N
1372,D68P,0.3596,68,D,P
1373,D68Q,0.1638,68,D,Q
1374,D68R,0.1083,68,D,R
1375,D68S,0.0803,68,D,S
1376,D68T,-0.0334,68,D,T
1377,D68V,0.114,68,D,V
1378,D68W,-0.0234,68,D,W
1379,D68Y,-0.1741,68,D,Y
1380,L69A,0.775,69,L,A
1381,L69C,0.2705,69,L,C
1382,L69D,1.1966,69,L,D
1383,L69E,1.213,69,L,E
1384,L69F,0.0968,69,L,F
1385,L69G,1.208,69,L,G
1386,L69H,0.488,69,L,H
1387,L69I,-0.4326,69,L,I
1388,L69K,0.4937,69,L,K
1389,L69L,0.0,69,L,L
1390,L69M,0.2592,69,L,M
1391,L69N,0.7099,69,L,N
1392,L69P,0.5354,69,L,P
1393,L69Q,0.8983,69,L,Q
1394,L69R,0.388,69,L,R
1395,L69S,0.7919,69,L,S
1396,L69T,0.5364,69,L,T
1397,L69V,-0.0621,69,L,V
1398,L69W,0.2526,69,L,W
1399,L69Y,0.2127,69,L,Y
1400,K70A,-0.1404,70,K,A
1401,K70C,-0.2654,70,K,C
1402,K70D,0.2644,70,K,D
1403,K70E,0.0726,70,K,E
1404,K70F,0.1206,70,K,F
1405,K70G,0.2013,70,K,G
1406,K70H,0.0908,70,K,H
1407,K70I,-0.037,70,K,I
1408,K70K,0.0,70,K,K
1409,K70L,-0.038,70,K,L
1410,K70M,-0.0708,70,K,M
1411,K70N,0.1903,70,K,N
1412,K70P,0.3459,70,K,P
1413,K70Q,-0.0603,70,K,Q
1414,K70R,0.0516,70,K,R
1415,K70S,-0.1054,70,K,S
1416,K70T,-0.1238,70,K,T
1417,K70V,-0.138,70,K,V
1418,K70W,0.143,70,K,W
1419,K70Y,0.1829,70,K,Y
1420,I71A,0.9988,71,I,A
1421,I71C,0.4194,71,I,C
1422,I71D,1.4544,71,I,D
1423,I71E,1.3237,71,I,E
1424,I71F,0.5931,71,I,F
1425,I71G,1.2837,71,I,G
1426,I71H,0.6249,71,I,H
1427,I71I,0.0,71,I,I
1428,I71K,0.4991,71,I,K
1429,I71L,0.534,71,I,L
1430,I71M,0.685,71,I,M
1431,I71N,0.9352,71,I,N
1432,I71P,1.0448,71,I,P
1433,I71Q,0.9287,71,I,Q
1434,I71R,0.5226,71,I,R
1435,I71S,0.8288,71,I,S
1436,I71T,0.4628,71,I,T
1437,I71V,0.2803,71,I,V
1438,I71W,0.6476,71,I,W
1439,I71Y,0.5107,71,I,Y
1440,N72A,0.8326,72,N,A
1441,N72C,0.2492,72,N,C
1442,N72D,0.3332,72,N,D
1443,N72E,0.9791,72,N,E
1444,N72F,0.6021,72,N,F
1445,N72G,1.2821,72,N,G
1446,N72H,0.2426,72,N,H
1447,N72I,0.4518,72,N,I
1448,N72K,0.9308,72,N,K
1449,N72L,0.5214,72,N,L
1450,N72M,0.6715,72,N,M
1451,N72N,0.0,72,N,N
1452,N72P,1.9171,72,N,P
1453,N72Q,0.6883,72,N,Q
1454,N72R,0.919,72,N,R
1455,N72S,0.4898,72,N,S
1456,N72T,0.9494,72,N,T
1457,N72V,0.3818,72,N,V
1458,N72W,0.6386,72,N,W
1459,N72Y,0.5656,72,N,Y
1460,R73A,0.356,73,R,A
1461,R73C,0.0661,73,R,C
1462,R73D,0.5681,73,R,D
1463,R73E,0.4862,73,R,E
1464,R73F,0.1916,73,R,F
1465,R73G,0.7136,73,R,G
1466,R73H,0.0505,73,R,H
1467,R73I,0.1234,73,R,I
1468,R73K,-0.002,73,R,K
1469,R73L,0.1655,73,R,L
1470,R73M,0.2895,73,R,M
1471,R73N,0.3154,73,R,N
1472,R73P,-0.0139,73,R,P
1473,R73Q,0.2716,73,R,Q
1474,R73R,0.0,73,R,R
1475,R73S,0.3309,73,R,S
1476,R73T,0.3267,73,R,T
1477,R73V,0.2576,73,R,V
1478,R73W,0.159,73,R,W
1479,R73Y,0.0621,73,R,Y
1480,Q74A,0.0084,74,Q,A
1481,Q74C,-0.1893,74,Q,C
1482,Q74D,0.2394,74,Q,D
1483,Q74E,0.0886,74,Q,E
1484,Q74F,-0.1167,74,Q,F
1485,Q74G,0.3153,74,Q,G
1486,Q74H,-0.0161,74,Q,H
1487,Q74I,-0.1803,74,Q,I
1488,Q74K,-0.0669,74,Q,K
1489,Q74L,-0.0967,74,Q,L
1490,Q74M,-0.0084,74,Q,M
1491,Q74N,0.1684,74,Q,N
1492,Q74P,0.3157,74,Q,P
1493,Q74Q,0.0,74,Q,Q
1494,Q74R,-0.0312,74,Q,R
1495,Q74S,0.0873,74,Q,S
1496,Q74T,0.0437,74,Q,T
1497,Q74V,-0.0987,74,Q,V
1498,Q74W,-0.1634,74,Q,W
1499,Q74Y,-0.1188,74,Q,Y
1500,L75A,0.8591,75,L,A
1501,L75C,0.4183,75,L,C
1502,L75D,1.7398,75,L,D
1503,L75E,1.7365,75,L,E
1504,L75F,0.531,75,L,F
1505,L75G,1.8333,75,L,G
1506,L75H,0.943,75,L,H
1507,L75I,-0.0731,75,L,I
1508,L75K,0.9543,75,L,K
1509,L75L,0.0,75,L,L
1510,L75M,0.4496,75,L,M
1511,L75N,1.3078,75,L,N
1512,L75P,1.7968,75,L,P
1513,L75Q,1.1021,75,L,Q
1514,L75R,1.1731,75,L,R
1515,L75S,1.1755,75,L,S
1516,L75T,0.9509,75,L,T
1517,L75V,0.2375,75,L,V
1518,L75W,0.3476,75,L,W
1519,L75Y,0.3496,75,L,Y
1520,D76A,0.0605,76,D,A
1521,D76C,-0.0205,76,D,C
1522,D76D,0.0,76,D,D
1523,D76E,0.1148,76,D,E
1524,D76F,0.3324,76,D,F
1525,D76G,0.4461,76,D,G
1526,D76H,0.233,76,D,H
1527,D76I,0.4558,76,D,I
1528,D76K,0.5353,76,D,K
1529,D76L,0.4275,76,D,L
1530,D76M,0.2613,76,D,M
1531,D76N,0.3157,76,D,N
1532,D76P,1.3491,76,D,P
1533,D76Q,0.1695,76,D,Q
1534,D76R,0.5306,76,D,R
1535,D76S,0.1262,76,D,S
1536,D76T,0.5077,76,D,T
1537,D76V,0.4668,76,D,V
1538,D76W,0.1031,76,D,W
1539,D76Y,0.2176,76,D,Y
1540,S77A,-0.2022,77,S,A
1541,S77C,-0.2577,77,S,C
1542,S77D,0.1898,77,S,D
1543,S77E,-0.0977,77,S,E
1544,S77F,-0.0728,77,S,F
1545,S77G,0.3177,77,S,G
1546,S77H,0.0531,77,S,H
1547,S77I,-0.181,77,S,I
1548,S77K,-0.1552,77,S,K
1549,S77L,-0.181,77,S,L
1550,S77M,-0.1364,77,S,M
1551,S77N,0.1664,77,S,N
1552,S77P,0.8481,77,S,P
1553,S77Q,-0.0784,77,S,Q
1554,S77R,-0.1536,77,S,R
1555,S77S,0.0,77,S,S
1556,S77T,0.0385,77,S,T
1557,S77V,-0.0696,77,S,V
1558,S77W,-0.1916,77,S,W
1559,S77Y,-0.1094,77,S,Y
1560,M78A,0.7183,78,M,A
1561,M78C,0.2992,78,M,C
1562,M78D,1.791,78,M,D
1563,M78E,1.5533,78,M,E
1564,M78F,0.4012,78,M,F
1565,M78G,1.7311,78,M,G
1566,M78H,1.0702,78,M,H
1567,M78I,0.0622,78,M,I
1568,M78K,1.1913,78,M,K
1569,M78L,-0.1006,78,M,L
1570,M78M,0.0,78,M,M
1571,M78N,1.5073,78,M,N
1572,M78P,2.068,78,M,P
1573,M78Q,1.0654,78,M,Q
1574,M78R,1.2031,78,M,R
1575,M78S,1.2173,78,M,S
1576,M78T,1.2145,78,M,T
1577,M78V,0.4515,78,M,V
1578,M78W,0.1015,78,M,W
1579,M78Y,0.4006,78,M,Y
1580,I79A,0.7655,79,I,A
1581,I79C,0.6988,79,I,C
1582,I79D,1.4787,79,I,D
1583,I79E,1.632,79,I,E
1584,I79F,0.8042,79,I,F
1585,I79G,1.3086,79,I,G
1586,I79H,1.356,79,I,H
1587,I79I,0.0,79,I,I
1588,I79K,1.4846,79,I,K
1589,I79L,0.6906,79,I,L
1590,I79M,0.8376,79,I,M
1591,I79N,1.6102,79,I,N
1592,I79P,1.4337,79,I,P
1593,I79Q,1.4278,79,I,Q
1594,I79R,1.4224,79,I,R
1595,I79S,0.9863,79,I,S
1596,I79T,0.8011,79,I,T
1597,I79V,0.2184,79,I,V
1598,I79W,0.8125,79,I,W
1599,I79Y,0.9079,79,I,Y
1600,Q80A,0.0616,80,Q,A
1601,Q80C,0.0395,80,Q,C
1602,Q80D,0.3166,80,Q,D
1603,Q80E,0.0314,80,Q,E
1604,Q80F,0.2905,80,Q,F
1605,Q80G,0.5848,80,Q,G
1606,Q80H,0.2088,80,Q,H
1607,Q80I,0.0046,80,Q,I
1608,Q80K,0.0222,80,Q,K
1609,Q80L,0.0233,80,Q,L
1610,Q80M,0.0588,80,Q,M
1611,Q80N,0.3194,80,Q,N
1612,Q80P,1.4083,80,Q,P
1613,Q80Q,0.0,80,Q,Q
1614,Q80R,0.0069,80,Q,R
1615,Q80S,0.237,80,Q,S
1616,Q80T,0.2024,80,Q,T
1617,Q80V,0.0458,80,Q,V
1618,Q80W,0.1804,80,Q,W
1619,Q80Y,0.2482,80,Q,Y
1620,L81A,0.5731,81,L,A
1621,L81C,0.1044,81,L,C
1622,L81D,1.0796,81,L,D
1623,L81E,0.8199,81,L,E
1624,L81F,0.0539,81,L,F
1625,L81G,1.2764,81,L,G
1626,L81H,0.5751,81,L,H
1627,L81I,-0.094,81,L,I
1628,L81K,0.6663,81,L,K
1629,L81L,0.0,81,L,L
1630,L81M,0.214,81,L,M
1631,L81N,0.9494,81,L,N
1632,L81P,1.5825,81,L,P
1633,L81Q,0.6532,81,L,Q
1634,L81R,0.6745,81,L,R
1635,L81S,0.84,81,L,S
1636,L81T,0.6404,81,L,T
1637,L81V,0.1308,81,L,V
1638,L81W,-0.1676,81,L,W
1639,L81Y,-0.0595,81,L,Y
1640,C82A,0.2403,82,C,A
1641,C82C,0.0,82,C,C
1642,C82D,1.4695,82,C,D
1643,C82E,1.2279,82,C,E
1644,C82F,0.2577,82,C,F
1645,C82G,1.1644,82,C,G
1646,C82H,0.8728,82,C,H
1647,C82I,-0.7448,82,C,I
1648,C82K,0.8838,82,C,K
1649,C82L,-0.452,82,C,L
1650,C82M,-0.038,82,C,M
1651,C82N,1.1882,82,C,N
1652,C82P,1.6118,82,C,P
1653,C82Q,0.9616,82,C,Q
1654,C82R,0.8014,82,C,R
1655,C82S,0.7191,82,C,S
1656,C82T,0.3708,82,C,T
1657,C82V,-0.4573,82,C,V
1658,C82W,0.1865,82,C,W
1659,C82Y,0.2162,82,C,Y
1660,S83A,-0.264,83,S,A
1661,S83C,-0.4009,83,S,C
1662,S83D,0.1091,83,S,D
1663,S83E,-0.4736,83,S,E
1664,S83F,-0.0633,83,S,F
1665,S83G,0.3661,83,S,G
1666,S83H,-0.1507,83,S,H
1667,S83I,-0.3261,83,S,I
1668,S83K,-0.3153,83,S,K
1669,S83L,-0.5152,83,S,L
1670,S83M,-0.4592,83,S,M
1671,S83N,-0.0629,83,S,N
1672,S83P,1.5519,83,S,P
1673,S83Q,-0.4139,83,S,Q
1674,S83R,-0.3067,83,S,R
1675,S83S,0.0,83,S,S
1676,S83T,-0.0099,83,S,T
1677,S83V,-0.1617,83,S,V
1678,S83W,-0.1436,83,S,W
1679,S83Y,-0.1679,83,S,Y
1680,K84A,0.0102,84,K,A
1681,K84C,-0.1819,84,K,C
1682,K84D,0.2945,84,K,D
1683,K84E,0.0324,84,K,E
1684,K84F,-0.1333,84,K,F
1685,K84G,0.4955,84,K,G
1686,K84H,0.1135,84,K,H
1687,K84I,-0.2085,84,K,I
1688,K84K,0.0,84,K,K
1689,K84L,-0.1105,84,K,L
1690,K84M,-0.083,84,K,M
1691,K84N,0.3198,84,K,N
1692,K84P,0.8718,84,K,P
1693,K84Q,0.017,84,K,Q
1694,K84R,0.0082,84,K,R
1695,K84S,0.2019,84,K,S
1696,K84T,0.1342,84,K,T
1697,K84V,-0.0814,84,K,V
1698,K84W,-0.223,84,K,W
1699,K84Y,-0.1349,84,K,Y
1700,L85A,0.6725,85,L,A
1701,L85C,0.1468,85,L,C
1702,L85D,1.4914,85,L,D
1703,L85E,1.3798,85,L,E
1704,L85F,0.0961,85,L,F
1705,L85G,1.319,85,L,G
1706,L85H,0.9017,85,L,H
1707,L85I,-0.1308,85,L,I
1708,L85K,1.0463,85,L,K
1709,L85L,0.0,85,L,L
1710,L85M,0.3139,85,L,M
1711,L85N,1.2444,85,L,N
1712,L85P,1.4269,85,L,P
1713,L85Q,1.1471,85,L,Q
1714,L85R,1.1166,85,L,R
1715,L85S,1.1635,85,L,S
1716,L85T,1.0233,85,L,T
1717,L85V,0.1579,85,L,V
1718,L85W,0.0165,85,L,W
1719,L85Y,0.138,85,L,Y
1720,R86A,1.0215,86,R,A
1721,R86C,0.948,86,R,C
1722,R86D,1.8815,86,R,D
1723,R86E,1.5336,86,R,E
1724,R86F,0.9198,86,R,F
1725,R86G,1.5594,86,R,G
1726,R86H,1.1161,86,R,H
1727,R86I,0.9313,86,R,I
1728,R86K,0.3842,86,R,K
1729,R86L,0.8123,86,R,L
1730,R86M,0.8564,86,R,M
1731,R86N,1.4688,86,R,N
1732,R86P,2.4212,86,R,P
1733,R86Q,0.9814,86,R,Q
1734,R86R,0.0,86,R,R
1735,R86S,1.3189,86,R,S
1736,R86T,1.3248,86,R,T
1737,R86V,1.0049,86,R,V
1738,R86W,0.9327,86,R,W
1739,R86Y,0.9399,86,R,Y
1740,N87A,-0.2294,87,N,A
1741,N87C,-0.3196,87,N,C
1742,N87D,-0.1286,87,N,D
1743,N87E,-0.3763,87,N,E
1744,N87F,-0.0233,87,N,F
1745,N87G,0.3815,87,N,G
1746,N87H,-0.0505,87,N,H
1747,N87I,-0.1555,87,N,I
1748,N87K,-0.1133,87,N,K
1749,N87L,-0.256,87,N,L
1750,N87M,-0.1563,87,N,M
1751,N87N,0.0,87,N,N
1752,N87P,1.0434,87,N,P
1753,N87Q,-0.2448,87,N,Q
1754,N87R,-0.0751,87,N,R
1755,N87S,-0.0593,87,N,S
1756,N87T,-0.0322,87,N,T
1757,N87V,-0.192,87,N,V
1758,N87W,-0.2574,87,N,W
1759,N87Y,-0.1338,87,N,Y
1760,L88A,0.6427,88,L,A
1761,L88C,0.2614,88,L,C
1762,L88D,1.2044,88,L,D
1763,L88E,0.9893,88,L,E
1764,L88F,0.125,88,L,F
1765,L88G,1.358,88,L,G
1766,L88H,0.6785,88,L,H
1767,L88I,-0.1743,88,L,I
1768,L88K,0.7101,88,L,K
1769,L88L,0.0,88,L,L
1770,L88M,0.2448,88,L,M
1771,L88N,1.0832,88,L,N
1772,L88P,1.461,88,L,P
1773,L88Q,0.7906,88,L,Q
1774,L88R,0.7217,88,L,R
1775,L88S,0.9885,88,L,S
1776,L88T,0.8189,88,L,T
1777,L88V,0.1836,88,L,V
1778,L88W,0.033,88,L,W
1779,L88Y,0.1022,88,L,Y
1780,L89A,0.2121,89,L,A
1781,L89C,0.0845,89,L,C
1782,L89D,0.6235,89,L,D
1783,L89E,0.7551,89,L,E
1784,L89F,0.2663,89,L,F
1785,L89G,0.7029,89,L,G
1786,L89H,0.5059,89,L,H
1787,L89I,-0.2794,89,L,I
1788,L89K,0.6784,89,L,K
1789,L89L,0.0,89,L,L
1790,L89M,0.2727,89,L,M
1791,L89N,0.6521,89,L,N
1792,L89P,0.8174,89,L,P
1793,L89Q,0.6703,89,L,Q
1794,L89R,0.7404,89,L,R
1795,L89S,0.5345,89,L,S
1796,L89T,0.5162,89,L,T
1797,L89V,-0.0945,89,L,V
1798,L89W,0.2349,89,L,W
1799,L89Y,0.2534,89,L,Y
1800,H90A,0.0119,90,H,A
1801,H90C,-0.1248,90,H,C
1802,H90D,0.1176,90,H,D
1803,H90E,0.1114,90,H,E
1804,H90F,0.0851,90,H,F
1805,H90G,0.3943,90,H,G
1806,H90H,0.0,90,H,H
1807,H90I,-0.03,90,H,I
1808,H90K,0.0008,90,H,K
1809,H90L,-0.0676,90,H,L
1810,H90M,0.0149,90,H,M
1811,H90N,0.0098,90,H,N
1812,H90P,0.8775,90,H,P
1813,H90Q,0.0339,90,H,Q
1814,H90R,-0.0203,90,H,R
1815,H90S,-0.0203,90,H,S
1816,H90T,-0.0101,90,H,T
1817,H90V,0.0649,90,H,V
1818,H90W,0.0627,90,H,W
1819,H90Y,0.0173,90,H,Y
1820,D91A,-0.2933,91,D,A
1821,D91C,-0.3955,91,D,C
1822,D91D,0.0,91,D,D
1823,D91E,-0.0787,91,D,E
1824,D91F,-0.2467,91,D,F
1825,D91G,-0.163,91,D,G
1826,D91H,-0.1798,91,D,H
1827,D91I,-0.307,91,D,I
1828,D91K,-0.3427,91,D,K
1829,D91L,-0.3133,91,D,L
1830,D91M,-0.2966,91,D,M
1831,D91N,-0.1043,91,D,N
1832,D91P,-0.1963,91,D,P
1833,D91Q,-0.2447,91,D,Q
1834,D91R,-0.3336,91,D,R
1835,D91S,-0.1641,91,D,S
1836,D91T,-0.192,91,D,T
1837,D91V,-0.2625,91,D,V
1838,D91W,-0.28,91,D,W
1839,D91Y,-0.2265,91,D,Y
1840,N92A,0.143,92,N,A
1841,N92C,-0.0413,92,N,C
1842,N92D,0.0164,92,N,D
1843,N92E,0.0894,92,N,E
1844,N92F,0.2457,92,N,F
1845,N92G,0.3194,92,N,G
1846,N92H,0.1327,92,N,H
1847,N92I,0.328,92,N,I
1848,N92K,0.2468,92,N,K
1849,N92L,0.1671,92,N,L
1850,N92M,0.2878,92,N,M
1851,N92N,0.0,92,N,N
1852,N92P,0.1231,92,N,P
1853,N92Q,0.2277,92,N,Q
1854,N92R,0.2854,92,N,R
1855,N92S,0.1066,92,N,S
1856,N92T,0.1953,92,N,T
1857,N92V,0.3152,92,N,V
1858,N92W,0.218,92,N,W
1859,N92Y,0.2812,92,N,Y
1860,E93A,-0.0153,93,E,A
1861,E93C,-0.2114,93,E,C
1862,E93D,-0.0107,93,E,D
1863,E93E,0.0,93,E,E
1864,E93F,0.0397,93,E,F
1865,E93G,0.1158,93,E,G
1866,E93H,0.0361,93,E,H
1867,E93I,-0.0199,93,E,I
1868,E93K,0.0664,93,E,K
1869,E93L,-0.0589,93,E,L
1870,E93M,0.0408,93,E,M
1871,E93N,0.0007,93,E,N
1872,E93P,0.0803,93,E,P
1873,E93Q,0.0563,93,E,Q
1874,E93R,0.0858,93,E,R
1875,E93S,0.0709,93,E,S
1876,E93T,0.0662,93,E,T
1877,E93V,-0.0072,93,E,V
1878,E93W,0.0966,93,E,W
1879,E93Y,0.1495,93,E,Y
1880,L94A,-0.026,94,L,A
1881,L94C,-0.1092,94,L,C
1882,L94D,-0.0632,94,L,D
1883,L94E,-0.0167,94,L,E
1884,L94F,0.1198,94,L,F
1885,L94G,0.1527,94,L,G
1886,L94H,0.1175,94,L,H
1887,L94I,0.0206,94,L,I
1888,L94K,0.0228,94,L,K
1889,L94L,0.0,94,L,L
1890,L94M,0.0737,94,L,M
1891,L94N,0.0332,94,L,N
1892,L94P,0.2182,94,L,P
1893,L94Q,0.0052,94,L,Q
1894,L94R,0.0544,94,L,R
1895,L94S,-0.0034,94,L,S
1896,L94T,0.069,94,L,T
1897,L94V,0.0598,94,L,V
1898,L94W,0.0702,94,L,W
1899,L94Y,0.1984,94,L,Y
1900,S95A,-0.0559,95,S,A
1901,S95C,-0.1419,95,S,C
1902,S95D,-0.0583,95,S,D
1903,S95E,-0.0552,95,S,E
1904,S95F,0.1262,95,S,F
1905,S95G,0.0915,95,S,G
1906,S95H,0.0582,95,S,H
1907,S95I,0.0884,95,S,I
1908,S95K,0.056,95,S,K
1909,S95L,0.0484,95,S,L
1910,S95M,0.1318,95,S,M
1911,S95N,-0.0227,95,S,N
1912,S95P,0.046,95,S,P
1913,S95Q,0.0269,95,S,Q
1914,S95R,0.1169,95,S,R
1915,S95S,0.0,95,S,S
1916,S95T,0.0872,95,S,T
1917,S95V,0.1141,95,S,V
1918,S95W,0.1451,95,S,W
1919,S95Y,0.2203,95,S,Y
1920,D96A,-0.0103,96,D,A
1921,D96C,-0.0965,96,D,C
1922,D96D,0.0,96,D,D
1923,D96E,0.0277,96,D,E
1924,D96F,0.2312,96,D,F
1925,D96G,0.1344,96,D,G
1926,D96H,0.1861,96,D,H
1927,D96I,0.1513,96,D,I
1928,D96K,0.2115,96,D,K
1929,D96L,0.0088,96,D,L
1930,D96M,0.137,96,D,M
1931,D96N,0.1057,96,D,N
1932,D96P,0.081,96,D,P
1933,D96Q,0.1151,96,D,Q
1934,D96R,0.2795,96,D,R
1935,D96S,0.1392,96,D,S
1936,D96T,0.1856,96,D,T
1937,D96V,0.1173,96,D,V
1938,D96W,0.2293,96,D,W
1939,D96Y,0.3321,96,D,Y
