pos	allele	pos_id	Consequence	AAsub	canonical_start	second_start	count	start_pos_id	RNA_D05_rep2_freq
214809496	T	214809496:T	missense_variant	A25D	ATG	ATG	8807	ATG:214809496:T	0.00946927137037248
214809496	A	214809496:A	missense_variant	A25V	ATG	ATG	9236	ATG:214809496:A	0.009930531438260502
214809496	C	214809496:C	missense_variant	A25G	ATG	ATG	12060	ATG:214809496:C	0.01296689141894994
214809495	T	214809495:T	synonymous_variant	A25A	ATG	ATG	9269	ATG:214809495:T	0.009966012981944196
214809495	A	214809495:A	synonymous_variant	A25A	ATG	ATG	10461	ATG:214809495:A	0.011247649347730955
214809495	C	214809495:C	synonymous_variant	A25A	ATG	ATG	9152	ATG:214809495:C	0.009840214781611099
214809494	A	214809494:A	missense_variant	M26L	ATG	TTG	10855	ATG:214809494:A	0.011671277475348392
214809494	G	214809494:G	missense_variant	M26L	ATG	CTG	9736	ATG:214809494:G	0.010468130584983136
214809494	C	214809494:C	missense_variant	M26V	ATG	GTG	12802	ATG:214809494:C	0.01376468855268633
214809493	T	214809493:T	missense_variant	M26K	ATG	AAG	8804	ATG:214809493:T	0.009466045775492146
214809493	G	214809493:G	missense_variant	M26T	ATG	ACG	11218	ATG:214809493:G	0.012061574455869023
214809493	C	214809493:C	missense_variant	M26R	ATG	AGG	6906	ATG:214809493:C	0.007425319414533026
214809492	T	214809492:T	missense_variant	M26I	ATG	ATA	10779	ATG:214809492:T	0.011589562405046551
214809492	A	214809492:A	missense_variant	M26I	ATG	ATT	8833	ATG:214809492:A	0.009497226526002057
214809492	G	214809492:G	missense_variant	M26I	ATG	ATC	4502	ATG:214809492:G	0.004840542717090599
214809491	T	214809491:T	missense_variant	E27K	ATG	ATG	10501	ATG:214809491:T	0.011290657279468767
214809491	A	214809491:A	stop_gained	E27*	ATG	ATG	2493	ATG:214809491:A	0.002680469345559055
214809491	G	214809491:G	missense_variant	E27Q	ATG	ATG	8532	ATG:214809491:G	0.009173591839675033
214809490	A	214809490:A	missense_variant	E27V	ATG	ATG	7926	ATG:214809490:A	0.0085220216738472
214809490	G	214809490:G	missense_variant	E27A	ATG	ATG	5695	ATG:214809490:G	0.006123254281170805
214809490	C	214809490:C	missense_variant	E27G	ATG	ATG	5741	ATG:214809490:C	0.0061727134026692875
214809496	T	214809496:T	missense_variant	A25D	CTG	ATG	8502	CTG:214809496:T	0.009141335890871674
214809496	A	214809496:A	missense_variant	A25V	CTG	ATG	6101	CTG:214809496:A	0.006559784788309584
214809496	C	214809496:C	missense_variant	A25G	CTG	ATG	9116	CTG:214809496:C	0.00980150764304707
214809495	T	214809495:T	synonymous_variant	A25A	CTG	ATG	8510	CTG:214809495:T	0.009149937477219237
214809495	A	214809495:A	synonymous_variant	A25A	CTG	ATG	9805	CTG:214809495:A	0.010542319267230859
214809495	C	214809495:C	synonymous_variant	A25A	CTG	ATG	7092	CTG:214809495:C	0.007625306297113845
214809494	A	214809494:A	missense_variant	M26L	CTG	TTG	1417	CTG:214809494:A	0.0015235559818119458
214809494	G	214809494:G	missense_variant	M26L	CTG	CTG	2634	CTG:214809494:G	0.0028320723049348375
214809494	C	214809494:C	missense_variant	M26V	CTG	GTG	1500	CTG:214809494:C	0.001612797440167903
214809493	T	214809493:T	missense_variant	M26K	CTG	AAG	1473	CTG:214809493:T	0.0015837670862448806
214809493	G	214809493:G	missense_variant	M26T	CTG	ACG	1974	CTG:214809493:G	0.00212244143126096
214809493	C	214809493:C	missense_variant	M26R	CTG	AGG	1280	CTG:214809493:C	0.0013762538156099438
214809492	T	214809492:T	missense_variant	M26I	CTG	ATA	1713	CTG:214809492:T	0.001841814676671745
214809492	A	214809492:A	missense_variant	M26I	CTG	ATT	1525	CTG:214809492:A	0.0016396773975040347
214809492	G	214809492:G	missense_variant	M26I	CTG	ATC	883	CTG:214809492:G	0.0009494000931121723
214809491	T	214809491:T	missense_variant	E27K	CTG	ATG	9030	CTG:214809491:T	0.009709040589810775
214809491	A	214809491:A	stop_gained	E27*	CTG	ATG	1153	CTG:214809491:A	0.0012397036323423948
214809491	G	214809491:G	missense_variant	E27Q	CTG	ATG	7551	CTG:214809491:G	0.008118822313805224
214809490	A	214809490:A	missense_variant	E27V	CTG	ATG	7215	CTG:214809490:A	0.007757555687207613
214809490	G	214809490:G	missense_variant	E27A	CTG	ATG	4985	CTG:214809490:G	0.005359863492824664
214809490	C	214809490:C	missense_variant	E27G	CTG	ATG	4404	CTG:214809490:C	0.004735173284332963
214809496	T	214809496:T	missense_variant	A25D	AGG	ATG	8936	AGG:214809496:T	0.009607971950226921
214809496	A	214809496:A	missense_variant	A25V	AGG	ATG	8569	AGG:214809496:A	0.009213374176532507
214809496	C	214809496:C	missense_variant	A25G	AGG	ATG	12113	AGG:214809496:C	0.013023876928502539
214809495	T	214809495:T	synonymous_variant	A25A	AGG	ATG	11033	AGG:214809495:T	0.011862662771581649
214809495	A	214809495:A	synonymous_variant	A25A	AGG	ATG	9333	AGG:214809495:A	0.010034825672724693
214809495	C	214809495:C	synonymous_variant	A25A	AGG	ATG	5773	AGG:214809495:C	0.006207119748059536
214809494	A	214809494:A	missense_variant	M26L	AGG	TTG	1369	AGG:214809494:A	0.0014719464637265728
214809494	G	214809494:G	missense_variant	M26L	AGG	CTG	2940	AGG:214809494:G	0.00316108298272909
214809494	C	214809494:C	missense_variant	M26V	AGG	GTG	1939	AGG:214809494:C	0.002084809490990376
214809493	T	214809493:T	missense_variant	M26K	AGG	AAG	1609	AGG:214809493:T	0.0017299940541534373
214809493	G	214809493:G	missense_variant	M26T	AGG	ACG	2184	AGG:214809493:G	0.0023482330728844666
214809493	C	214809493:C	missense_variant	M26R	AGG	AGG	1246	AGG:214809493:C	0.0013396970736328047
214809492	T	214809492:T	missense_variant	M26I	AGG	ATA	1780	AGG:214809492:T	0.0019138529623325782
214809492	A	214809492:A	missense_variant	M26I	AGG	ATT	2133	AGG:214809492:A	0.002293397959918758
214809492	G	214809492:G	missense_variant	M26I	AGG	ATC	742	AGG:214809492:G	0.0007977971337363893
214809491	T	214809491:T	missense_variant	E27K	AGG	ATG	8650	AGG:214809491:T	0.009300465238301574
214809491	A	214809491:A	stop_gained	E27*	AGG	ATG	1615	AGG:214809491:A	0.0017364452439141088
214809491	G	214809491:G	missense_variant	E27Q	AGG	ATG	9051	AGG:214809491:G	0.009731619753973126
214809490	A	214809490:A	missense_variant	E27V	AGG	ATG	7285	AGG:214809490:A	0.007832819567748782
214809490	G	214809490:G	missense_variant	E27A	AGG	ATG	4474	AGG:214809490:G	0.004810437164874132
214809490	C	214809490:C	missense_variant	E27G	AGG	ATG	4933	AGG:214809490:C	0.00530395318156551
214809496	T	214809496:T	missense_variant	A25D	TAG	ATG	12239	TAG:214809496:T	0.013159351913476643
214809496	A	214809496:A	missense_variant	A25V	TAG	ATG	9855	TAG:214809496:A	0.010596079181903122
214809496	C	214809496:C	missense_variant	A25G	TAG	ATG	15269	TAG:214809496:C	0.016417202742615808
214809495	T	214809495:T	synonymous_variant	A25A	TAG	ATG	12434	TAG:214809495:T	0.01336901558069847
214809495	A	214809495:A	synonymous_variant	A25A	TAG	ATG	13014	TAG:214809495:A	0.013992630590896726
214809495	C	214809495:C	synonymous_variant	A25A	TAG	ATG	9525	TAG:214809495:C	0.010241263745066185
214809494	A	214809494:A	missense_variant	M26L	TAG	TTG	2921	TAG:214809494:A	0.00314065421515363
214809494	G	214809494:G	missense_variant	M26L	TAG	CTG	3032	TAG:214809494:G	0.0032600012257260544
214809494	C	214809494:C	missense_variant	M26V	TAG	GTG	1697	TAG:214809494:C	0.001824611503976621
214809493	T	214809493:T	missense_variant	M26K	TAG	AAG	2187	TAG:214809493:T	0.0023514586677648025
214809493	G	214809493:G	missense_variant	M26T	TAG	ACG	2352	TAG:214809493:G	0.002528866386183272
214809493	C	214809493:C	missense_variant	M26R	TAG	AGG	1174	TAG:214809493:C	0.0012622827965047454
214809492	T	214809492:T	missense_variant	M26I	TAG	ATA	1893	TAG:214809492:T	0.0020353503694918937
214809492	A	214809492:A	missense_variant	M26I	TAG	ATT	1877	TAG:214809492:A	0.002018147196796769
214809492	G	214809492:G	missense_variant	M26I	TAG	ATC	917	TAG:214809492:G	0.0009859568350893114
214809491	T	214809491:T	missense_variant	E27K	TAG	ATG	11156	TAG:214809491:T	0.011994912161675418
214809491	A	214809491:A	stop_gained	E27*	TAG	ATG	2796	TAG:214809491:A	0.003006254428472971
214809491	G	214809491:G	missense_variant	E27Q	TAG	ATG	10042	TAG:214809491:G	0.010797141262777388
214809490	A	214809490:A	missense_variant	E27V	TAG	ATG	8440	TAG:214809490:A	0.009074673596678068
214809490	G	214809490:G	missense_variant	E27A	TAG	ATG	6579	TAG:214809490:G	0.007073729572576422
214809490	C	214809490:C	missense_variant	E27G	TAG	ATG	6758	TAG:214809490:C	0.007266190067103126
214809496	T	214809496:T	missense_variant	A25D	ATA	ATG	12897	ATA:214809496:T	0.013866832390563629
214809496	A	214809496:A	missense_variant	A25V	ATA	ATG	11264	ATA:214809496:A	0.012111033577367506
214809496	C	214809496:C	missense_variant	A25G	ATA	ATG	13729	ATA:214809496:C	0.014761397370710094
214809495	T	214809495:T	synonymous_variant	A25A	ATA	ATG	13148	ATA:214809495:T	0.014136707162218392
214809495	A	214809495:A	synonymous_variant	A25A	ATA	ATG	12965	ATA:214809495:A	0.013939945874517908
214809495	C	214809495:C	synonymous_variant	A25A	ATA	ATG	9184	ATA:214809495:C	0.009874621127001347
214809494	A	214809494:A	missense_variant	M26L	ATA	TTG	2337	ATA:214809494:A	0.002512738411781593
214809494	G	214809494:G	missense_variant	M26L	ATA	CTG	3576	ATA:214809494:G	0.0038449090973602805
214809494	C	214809494:C	missense_variant	M26V	ATA	GTG	2760	ATA:214809494:C	0.0029675472899089415
214809493	T	214809493:T	missense_variant	M26K	ATA	AAG	2401	ATA:214809493:T	0.00258155110256209
214809493	G	214809493:G	missense_variant	M26T	ATA	ACG	3736	ATA:214809493:G	0.004016940824311524
214809493	C	214809493:C	missense_variant	M26R	ATA	AGG	980	ATA:214809493:C	0.0010536943275763634
214809492	T	214809492:T	missense_variant	M26I	ATA	ATA	2258	ATA:214809492:T	0.0024277977465994166
214809492	A	214809492:A	missense_variant	M26I	ATA	ATT	2296	ATA:214809492:A	0.0024686552817503368
214809492	G	214809492:G	missense_variant	M26I	ATA	ATC	935	ATA:214809492:G	0.0010053104043713263
214809491	T	214809491:T	missense_variant	E27K	ATA	ATG	13749	ATA:214809491:T	0.014782901336578998
214809491	A	214809491:A	stop_gained	E27*	ATA	ATG	2282	ATA:214809491:A	0.002453602505642103
214809491	G	214809491:G	missense_variant	E27Q	ATA	ATG	11452	ATA:214809491:G	0.012313170856535216
214809490	A	214809490:A	missense_variant	E27V	ATA	ATG	10702	ATA:214809490:A	0.011506772136451265
214809490	G	214809490:G	missense_variant	E27A	ATA	ATG	7751	ATA:214809490:G	0.008333861972494278
214809490	C	214809490:C	missense_variant	E27G	ATA	ATG	5487	ATA:214809490:C	0.005899613036134189
214809496	T	214809496:T	missense_variant	A25D	GTG	ATG	12588	GTG:214809496:T	0.013534596117889042
214809496	A	214809496:A	missense_variant	A25V	GTG	ATG	10159	GTG:214809496:A	0.010922939463110484
214809496	C	214809496:C	missense_variant	A25G	GTG	ATG	13672	GTG:214809496:C	0.014700111067983712
214809495	T	214809495:T	synonymous_variant	A25A	GTG	ATG	10928	GTG:214809495:T	0.011749766950769895
214809495	A	214809495:A	synonymous_variant	A25A	GTG	ATG	10059	GTG:214809495:A	0.010815419633765958
214809495	C	214809495:C	synonymous_variant	A25A	GTG	ATG	9880	GTG:214809495:C	0.010622959139239253
214809494	A	214809494:A	missense_variant	M26L	GTG	TTG	1931	GTG:214809494:A	0.002076207904642814
214809494	G	214809494:G	missense_variant	M26L	GTG	CTG	4467	GTG:214809494:G	0.004802910776820015
214809494	C	214809494:C	missense_variant	M26V	GTG	GTG	2452	GTG:214809494:C	0.002636386215527799
214809493	T	214809493:T	missense_variant	M26K	GTG	AAG	2170	GTG:214809493:T	0.002333180296776233
214809493	G	214809493:G	missense_variant	M26T	GTG	ACG	3142	GTG:214809493:G	0.0033782730380050342
214809493	C	214809493:C	missense_variant	M26R	GTG	AGG	1961	GTG:214809493:C	0.002108463853446172
214809492	T	214809492:T	missense_variant	M26I	GTG	ATA	2793	GTG:214809492:T	0.0030030288335926355
214809492	A	214809492:A	missense_variant	M26I	GTG	ATT	1993	GTG:214809492:A	0.0021428701988364203
214809492	G	214809492:G	missense_variant	M26I	GTG	ATC	929	GTG:214809492:G	0.0009988592146106545
214809491	T	214809491:T	missense_variant	E27K	GTG	ATG	10466	GTG:214809491:T	0.011253025339198182
214809491	A	214809491:A	stop_gained	E27*	GTG	ATG	1781	GTG:214809491:A	0.0019149281606260235
214809491	G	214809491:G	missense_variant	E27Q	GTG	ATG	9248	GTG:214809491:G	0.009943433817781844
214809490	A	214809490:A	missense_variant	E27V	GTG	ATG	8896	GTG:214809490:A	0.00956496401848911
214809490	G	214809490:G	missense_variant	E27A	GTG	ATG	6653	GTG:214809490:G	0.007153294246291372
214809490	C	214809490:C	missense_variant	E27G	GTG	ATG	5642	GTG:214809490:C	0.006066268771618206
214809496	T	214809496:T	missense_variant	A25D	ACG	ATG	11704	ACG:214809496:T	0.012584120826483424
214809496	A	214809496:A	missense_variant	A25V	ACG	ATG	8532	ACG:214809496:A	0.009173591839675033
214809496	C	214809496:C	missense_variant	A25G	ACG	ATG	10385	ACG:214809496:C	0.011165934277429115
214809495	T	214809495:T	synonymous_variant	A25A	ACG	ATG	9651	ACG:214809495:T	0.010376738730040287
214809495	A	214809495:A	synonymous_variant	A25A	ACG	ATG	12719	ACG:214809495:A	0.013675447094330372
214809495	C	214809495:C	synonymous_variant	A25A	ACG	ATG	8454	ACG:214809495:C	0.009089726372786301
214809494	A	214809494:A	missense_variant	M26L	ACG	TTG	1808	ACG:214809494:A	0.0019439585145490457
214809494	G	214809494:G	missense_variant	M26L	ACG	CTG	3978	ACG:214809494:G	0.0042771388113252784
214809494	C	214809494:C	missense_variant	M26V	ACG	GTG	2485	ACG:214809494:C	0.0026718677592114924
214809493	T	214809493:T	missense_variant	M26K	ACG	AAG	2399	ACG:214809493:T	0.0025794007059751997
214809493	G	214809493:G	missense_variant	M26T	ACG	ACG	2706	ACG:214809493:G	0.0029094865820628968
214809493	C	214809493:C	missense_variant	M26R	ACG	AGG	1811	ACG:214809493:C	0.0019471841094293816
214809492	T	214809492:T	missense_variant	M26I	ACG	ATA	2214	ACG:214809492:T	0.0023804890216878247
214809492	A	214809492:A	missense_variant	M26I	ACG	ATT	2471	ACG:214809492:A	0.002656814983103259
214809492	G	214809492:G	missense_variant	M26I	ACG	ATC	1062	ACG:214809492:G	0.0011418605876388752
214809491	T	214809491:T	missense_variant	E27K	ACG	ATG	11025	ACG:214809491:T	0.011854061185234088
214809491	A	214809491:A	stop_gained	E27*	ACG	ATG	2394	ACG:214809491:A	0.002574024714507973
214809491	G	214809491:G	missense_variant	E27Q	ACG	ATG	9853	ACG:214809491:G	0.010593928785316231
214809490	A	214809490:A	missense_variant	E27V	ACG	ATG	9183	ACG:214809490:A	0.009873545928707901
214809490	G	214809490:G	missense_variant	E27A	ACG	ATG	5518	ACG:214809490:G	0.005932944183230993
214809490	C	214809490:C	missense_variant	E27G	ACG	ATG	5975	ACG:214809490:C	0.00642430980333548
