"","ResidNe","Chain","ResidNr","iCode","Phob.A.2","Phil.A.2","SASA.A.2","Q.SASA.","N.overl.","Surf.A.2"
"1","ARG","A",566,"-",135.25,192.03,327.28,1.1906,230,274.9
"2","ASP","A",567,"-",63.72,112.61,176.33,1.1858,215,148.7
"3","GLY","A",568,"-",49.5,26.86,76.36,0.63,143,121.2
"4","PRO","A",569,"-",113.42,12.58,125.99,0.7617,300,165.4
"5","LEU","A",570,"-",38.83,6.13,44.96,0.2862,568,157.1
"6","VAL","A",571,"-",12.64,1.88,14.53,0.095,717,152.9
"7","LEU","A",572,"-",17.44,2.93,20.37,0.1297,797,157.1
"8","ILE","A",573,"-",12.24,3.37,15.61,0.0915,784,170.6
"9","GLY","A",574,"-",12.38,15.05,27.43,0.2263,313,121.2
"10","SER","A",575,"-",15.11,10.71,25.82,0.1778,493,145.2
"11","GLY","A",576,"-",27.99,19.61,47.6,0.3928,218,121.2
"12","LEU","A",577,"-",11.26,19.34,30.6,0.1948,698,157.1
"13","SER","A",578,"-",20.98,20.33,41.31,0.2845,361,145.2
"14","SER","A",579,"-",44.72,47.62,92.34,0.6359,320,145.2
"15","GLU","A",580,"-",52.75,61.54,114.29,0.5675,459,201.4
"16","GLN","A",581,"-",6.81,20.55,27.36,0.1315,673,208
"17","GLN","A",582,"-",26,30.39,56.39,0.2711,600,208
"18","LYS","A",583,"-",68.88,43.73,112.61,0.4902,436,229.7
"19","MET","A",584,"-",40.89,3.95,44.84,0.1961,580,228.7
"20","LEU","A",585,"-",16.4,2.86,19.26,0.1226,672,157.1
"21","SER","A",586,"-",20.4,15.97,36.37,0.2505,371,145.2
"22","GLU","A",587,"-",34.76,67.75,102.51,0.509,485,201.4
"23","LEU","A",588,"-",11.84,1.82,13.65,0.0869,729,157.1
"24","ALA","A",589,"-",11.57,2.78,14.36,0.0995,439,144.3
"25","VAL","A",590,"-",77.87,8.3,86.18,0.5636,363,152.9
"26","ILE","A",591,"-",40.99,13.43,54.42,0.319,453,170.6
"27","LEU","A",592,"-",23.81,13.93,37.74,0.2402,471,157.1
"28","LYS","A",593,"-",129.76,69.71,199.47,0.8684,284,229.7
"29","ALA","A",594,"-",15.27,13.1,28.37,0.1966,263,144.3
"30","LYS","A",595,"-",81.11,56.22,137.33,0.5979,408,229.7
"31","LYS","A",596,"-",25.63,32.44,58.07,0.2528,490,229.7
"32","TYR","A",597,"-",38.3,21.11,59.41,0.2891,748,205.5
"33","THR","A",598,"-",68.6,33.82,102.42,0.6712,294,152.6
"34","GLU","A",599,"-",60.57,62.26,122.83,0.6099,361,201.4
"35","PHE","A",600,"-",20.06,16.51,36.58,0.2135,934,171.3
"36","ASP","A",601,"-",11.05,32.25,43.31,0.2912,463,148.7
"37","SER","A",602,"-",38.59,35.1,73.69,0.5075,288,145.2
"38","THR","A",603,"-",47.25,13.38,60.63,0.3973,338,152.6
"39","VAL","A",604,"-",6.42,4.91,11.33,0.0741,540,152.9
"40","THR","A",605,"-",22.73,6.13,28.86,0.1891,462,152.6
"41","HIS","A",606,"-",12.34,9.4,21.74,0.1192,808,182.4
"42","VAL","A",607,"-",13.23,2.85,16.08,0.1052,641,152.9
"43","VAL","A",608,"-",13.08,3.52,16.61,0.1086,606,152.9
"44","VAL","A",609,"-",13.74,2.97,16.71,0.1093,675,152.9
"45","PRO","A",610,"-",40.94,13.28,54.22,0.3278,396,165.4
"46","GLY","A",611,"-",25.99,13.24,39.22,0.3236,237,121.2
"47","ASP","A",612,"-",38.53,69.68,108.21,0.7277,342,148.7
"48","ALA","A",613,"-",66.66,13.4,80.05,0.5548,214,144.3
"49","VAL","A",614,"-",40.78,17.41,58.19,0.3806,392,152.9
"50","GLN","A",615,"-",25.36,43.51,68.87,0.3311,501,208
"51","SER","A",616,"-",33.16,26.21,59.36,0.4088,337,145.2
"52","THR","A",617,"-",29.54,7.63,37.17,0.2436,457,152.6
"53","LEU","A",618,"-",43.61,3.88,47.49,0.3023,575,157.1
"54","LYS","A",619,"-",39.99,23.38,63.38,0.2759,530,229.7
"55","CYS","A",620,"-",10.67,3.4,14.07,0.0971,458,144.9
"56","MET","A",621,"-",16.95,3.34,20.29,0.0887,688,228.7
"57","LEU","A",622,"-",22.71,2.35,25.06,0.1595,598,157.1
"58","GLY","A",623,"-",4.99,2.89,7.88,0.065,344,121.2
"59","ILE","A",624,"-",13.58,3.04,16.62,0.0974,765,170.6
"60","LEU","A",625,"-",15.66,10.45,26.11,0.1662,664,157.1
"61","ASN","A",626,"-",8.55,37.05,45.6,0.294,466,155.1
"62","GLY","A",627,"-",8.9,9.75,18.65,0.1539,291,121.2
"63","CYS","A",628,"-",8.93,5.81,14.75,0.1018,443,144.9
"64","TRP","A",629,"-",22.16,8.25,30.41,0.1551,1163,196.1
"65","ILE","A",630,"-",14.51,2.57,17.09,0.1001,636,170.6
"66","LEU","A",631,"-",5.49,2.83,8.33,0.053,800,157.1
"67","LYS","A",632,"-",22.29,19.36,41.65,0.1813,743,229.7
"68","PHE","A",633,"-",17.72,2.31,20.04,0.117,838,171.3
"69","GLU","A",634,"-",23.22,45.33,68.54,0.3403,593,201.4
"70","TRP","A",635,"-",21.73,2.79,24.52,0.125,1269,196.1
"71","VAL","A",636,"-",8.88,1.6,10.48,0.0686,578,152.9
"72","LYS","A",637,"-",51.16,48.53,99.69,0.434,524,229.7
"73","ALA","A",638,"-",11.55,2.84,14.4,0.0998,444,144.3
"74","CYS","A",639,"-",4.54,2.12,6.65,0.0459,561,144.9
"75","LEU","A",640,"-",21.17,7.98,29.15,0.1855,486,157.1
"76","ARG","A",641,"-",55.91,65.44,121.35,0.4414,455,274.9
"77","ARG","A",642,"-",42.52,109.86,152.39,0.5543,483,274.9
"78","LYS","A",643,"-",101.82,74.46,176.28,0.7674,314,229.7
"79","VAL","A",644,"-",41.46,4.27,45.74,0.2991,370,152.9
"80","CYS","A",645,"-",42.68,15.65,58.33,0.4025,265,144.9
"81","GLU","A",646,"-",14.44,35.96,50.4,0.2503,469,201.4
"82","GLN","A",647,"-",50.82,77.21,128.03,0.6155,448,208
"83","GLU","A",648,"-",4.98,16.51,21.49,0.1067,622,201.4
"84","GLU","A",649,"-",28.45,30.47,58.92,0.2926,491,201.4
"85","LYS","A",650,"-",84.07,65.8,149.87,0.6525,376,229.7
"86","TYR","A",651,"-",14.14,17.38,31.52,0.1534,751,205.5
"87","GLU","A",652,"-",6.02,13.16,19.18,0.0952,687,201.4
"88","ILE","A",653,"-",14.09,3.55,17.63,0.1034,550,170.6
"89","PRO","A",654,"-",79.64,7.78,87.41,0.5285,343,165.4
"90","GLU","A",655,"-",56.98,77.98,134.96,0.6701,409,201.4
"91","GLY","A",656,"-",8.23,4.2,12.43,0.1026,362,121.2
"92","PRO","A",657,"-",18.45,3.23,21.68,0.1311,535,165.4
"93","ARG","A",658,"-",31.79,91.43,123.22,0.4482,624,274.9
"94","ARG","A",659,"-",26.5,71,97.49,0.3547,706,274.9
"95","SER","A",660,"-",4.87,5.24,10.1,0.0696,503,145.2
"96","ARG","A",661,"-",7.49,18.48,25.96,0.0945,822,274.9
"97","LEU","A",662,"-",40.14,2.31,42.45,0.2702,552,157.1
"98","ASN","A",663,"-",4.66,15.84,20.5,0.1322,705,155.1
"99","ARG","A",664,"-",35.21,113.85,149.06,0.5422,527,274.9
"100","GLU","A",665,"-",25.87,41.28,67.15,0.3334,412,201.4
"101","GLN","A",666,"-",26.57,51.76,78.34,0.3766,424,208
"102","LEU","A",667,"-",115.24,16.33,131.57,0.8375,308,157.1
"103","LEU","A",668,"-",35.17,8.96,44.13,0.2809,463,157.1
"104","PRO","A",669,"-",43.35,4.7,48.05,0.2905,456,165.4
"105","LYS","A",670,"-",55.68,51.2,106.87,0.4653,579,229.7
"106","LEU","A",671,"-",7.71,3.65,11.36,0.0723,770,157.1
"107","PHE","A",672,"-",12.65,3.24,15.88,0.0927,1102,171.3
"108","ASP","A",673,"-",16.42,53.43,69.85,0.4697,473,148.7
"109","GLY","A",674,"-",13.38,7.83,21.21,0.175,310,121.2
"110","CYS","A",675,"-",8.64,2.78,11.42,0.0788,578,144.9
"111","TYR","A",676,"-",22.94,17.98,40.93,0.1991,1074,205.5
"112","PHE","A",677,"-",9.94,2.71,12.66,0.0739,1176,171.3
"113","TYR","A",678,"-",17.26,20.69,37.94,0.1846,1158,205.5
"114","LEU","A",679,"-",17.63,6.19,23.81,0.1516,696,157.1
"115","TRP","A",680,"-",65.17,11.79,76.96,0.3925,959,196.1
"116","GLY","A",681,"-",16.13,12.49,28.62,0.2361,236,121.2
"117","THR","A",682,"-",64.71,36.26,100.97,0.6617,347,152.6
"118","PHE","A",683,"-",15.14,12.17,27.3,0.1594,971,171.3
"119","LYS","A",684,"-",129.66,66.23,195.89,0.8528,390,229.7
"120","HIS","A",685,"-",77.16,54.17,131.33,0.72,437,182.4
"121","HIS","A",686,"-",50.39,28.28,78.67,0.4313,549,182.4
"122","PRO","A",687,"-",57.03,3.07,60.1,0.3634,462,165.4
"123","LYS","A",688,"-",50.45,41.8,92.25,0.4016,524,229.7
"124","ASP","A",689,"-",34.21,75.22,109.44,0.736,420,148.7
"125","ASN","A",690,"-",6.6,39.1,45.7,0.2946,520,155.1
"126","LEU","A",691,"-",16.54,1.89,18.43,0.1173,675,157.1
"127","ILE","A",692,"-",59.58,2.41,61.99,0.3634,521,170.6
"128","LYS","A",693,"-",49.52,51.43,100.95,0.4395,475,229.7
"129","LEU","A",694,"-",16.45,2.18,18.63,0.1186,617,157.1
"130","VAL","A",695,"-",8.84,1.96,10.8,0.0706,630,152.9
"131","THR","A",696,"-",66.14,22.71,88.84,0.5822,363,152.6
"132","ALA","A",697,"-",20.46,9.7,30.17,0.209,241,144.3
"133","GLY","A",698,"-",6.76,4.22,10.98,0.0906,238,121.2
"134","GLY","A",699,"-",15.69,12.62,28.31,0.2335,210,121.2
"135","GLY","A",700,"-",8.32,11.03,19.35,0.1597,234,121.2
"136","GLN","A",701,"-",33.96,64.83,98.79,0.475,417,208
"137","ILE","A",702,"-",38.07,15.06,53.13,0.3114,414,170.6
"138","LEU","A",703,"-",27.24,6,33.24,0.2116,511,157.1
"139","SER","A",704,"-",55.09,45.68,100.77,0.694,219,145.2
"140","ARG","A",705,"-",75.1,135.45,210.55,0.7659,361,274.9
"141","LYS","A",706,"-",53.12,51.38,104.5,0.455,400,229.7
"142","PRO","A",707,"-",29.21,12.61,41.82,0.2528,429,165.4
"143","LYS","A",708,"-",135.92,74.01,209.93,0.9139,267,229.7
"144","SER","A",711,"-",37.28,54.63,91.9,0.6329,291,145.2
"145","ASP","A",712,"-",55.21,83.28,138.49,0.9313,318,148.7
"146","VAL","A",713,"-",89.66,5.04,94.7,0.6194,390,152.9
"147","THR","A",714,"-",15.44,9.87,25.31,0.1659,527,152.6
"148","GLN","A",715,"-",41.17,70.5,111.66,0.5368,461,208
"149","THR","A",716,"-",57.74,27.68,85.43,0.5598,311,152.6
"150","ILE","A",717,"-",24.87,6.41,31.29,0.1834,516,170.6
"151","ASN","A",718,"-",39.42,104.06,143.48,0.9251,285,155.1
"152","THR","A",719,"-",37.38,15.53,52.91,0.3467,380,152.6
"153","VAL","A",720,"-",65.16,10.98,76.14,0.498,399,152.9
"154","ALA","A",721,"-",12.64,4.19,16.83,0.1167,435,144.3
"155","TYR","A",722,"-",56.48,33.77,90.24,0.4391,651,205.5
"156","HIS","A",723,"-",17.38,18.58,35.96,0.1971,640,182.4
"157","ALA","A",724,"-",10.82,11.09,21.91,0.1518,372,144.3
"158","ARG","A",725,"-",85.41,99.98,185.39,0.6744,452,274.9
"159","SER","A",728,"-",24.57,35.1,59.67,0.411,330,145.2
"160","ASP","A",729,"-",15.54,52.76,68.31,0.4594,512,148.7
"161","GLN","A",730,"-",8.35,14.42,22.77,0.1095,851,208
"162","ARG","A",731,"-",26.17,52.7,78.86,0.2869,604,274.9
"163","PHE","A",732,"-",71.88,6.69,78.57,0.4586,567,171.3
"164","CYS","A",733,"-",7.41,2.63,10.04,0.0693,528,144.9
"165","THR","A",734,"-",8.96,6.78,15.74,0.1031,525,152.6
"166","GLN","A",735,"-",6.84,14.95,21.79,0.1048,727,208
"167","TYR","A",736,"-",9.09,6.47,15.56,0.0757,1085,205.5
"168","ILE","A",737,"-",25.03,2.58,27.62,0.1619,644,170.6
"169","ILE","A",738,"-",10.25,2.07,12.32,0.0722,714,170.6
"170","TYR","A",739,"-",12.91,9.21,22.12,0.1076,1062,205.5
"171","GLU","A",740,"-",14.17,25.12,39.3,0.1951,510,201.4
"172","ASP","A",741,"-",20.73,33.4,54.13,0.364,369,148.7
"173","LEU","A",742,"-",110.66,13.36,124.02,0.7895,312,157.1
"174","CYS","A",743,"-",15.86,6.55,22.41,0.1546,357,144.9
"175","ASN","A",744,"-",39.12,83.51,122.63,0.7906,277,155.1
"176","TYR","A",745,"-",43.96,48.82,92.78,0.4515,661,205.5
"177","ARG","A",749,"-",94.65,132.57,227.22,0.8265,375,274.9
"178","VAL","A",750,"-",43.28,4.82,48.1,0.3146,483,152.9
"179","ARG","A",751,"-",9.33,67.69,77.02,0.2802,740,274.9
"180","GLN","A",752,"-",66.12,74.08,140.21,0.6741,376,208
"181","GLY","A",753,"-",25.59,12.46,38.05,0.3139,199,121.2
"182","LYS","A",754,"-",29.85,13.47,43.32,0.1886,508,229.7
"183","VAL","A",755,"-",17.38,2.95,20.33,0.133,478,152.9
"184","TRP","A",756,"-",25.08,4.21,29.3,0.1494,1007,196.1
"185","LYS","A",757,"-",24.45,11.07,35.52,0.1546,531,229.7
"186","ALA","A",758,"-",8,2.6,10.61,0.0735,390,144.3
"187","PRO","A",759,"-",29.64,2.25,31.89,0.1928,501,165.4
"188","SER","A",760,"-",12.59,12.34,24.93,0.1717,428,145.2
"189","SER","A",761,"-",32.78,19.63,52.41,0.361,354,145.2
"190","TRP","A",762,"-",21.4,3.45,24.84,0.1267,1203,196.1
"191","PHE","A",763,"-",13.97,1.35,15.33,0.0895,851,171.3
"192","ILE","A",764,"-",19.9,1.73,21.63,0.1268,573,170.6
"193","ASP","A",765,"-",15.36,50.6,65.96,0.4436,484,148.7
"194","CYS","A",766,"-",3.82,1.5,5.32,0.0367,583,144.9
"195","VAL","A",767,"-",11.78,3.42,15.2,0.0994,530,152.9
"196","MET","A",768,"-",31.58,8.93,40.51,0.1771,427,228.7
"197","SER","A",769,"-",17.37,9.19,26.55,0.1829,379,145.2
"198","PHE","A",770,"-",15.55,3.96,19.51,0.1139,727,171.3
"199","GLU","A",771,"-",15.22,39.36,54.58,0.271,512,201.4
"200","LEU","A",772,"-",19.06,6.27,25.33,0.1612,496,157.1
"201","LEU","A",773,"-",30.04,3.42,33.46,0.213,473,157.1
"202","PRO","A",774,"-",68.44,9.26,77.71,0.4698,298,165.4
"203","LEU","A",775,"-",26.99,36.01,63,0.401,332,157.1
"204","GLY","B",568,"-",62.62,62.43,125.04,1.0317,106,121.2
"205","PRO","B",569,"-",87.62,14.15,101.77,0.6153,342,165.4
"206","LEU","B",570,"-",64.4,4.71,69.11,0.4399,542,157.1
"207","VAL","B",571,"-",10.22,1.86,12.08,0.079,725,152.9
"208","LEU","B",572,"-",14.66,3.15,17.81,0.1134,840,157.1
"209","ILE","B",573,"-",13.65,3.44,17.09,0.1002,788,170.6
"210","GLY","B",574,"-",10.4,13,23.4,0.1931,325,121.2
"211","SER","B",575,"-",17.73,15.57,33.3,0.2293,472,145.2
"212","GLY","B",576,"-",35.48,24.57,60.05,0.4955,185,121.2
"213","LEU","B",577,"-",10.5,15.28,25.79,0.1641,711,157.1
"214","SER","B",578,"-",28.74,11.62,40.37,0.278,366,145.2
"215","SER","B",579,"-",53.55,49.85,103.4,0.7121,288,145.2
"216","GLU","B",580,"-",53.36,66.44,119.8,0.5948,451,201.4
"217","GLN","B",581,"-",7.15,23.93,31.08,0.1494,679,208
"218","GLN","B",582,"-",20.05,28.22,48.27,0.2321,611,208
"219","LYS","B",583,"-",107.26,59.22,166.48,0.7248,465,229.7
"220","MET","B",584,"-",26.87,2.77,29.64,0.1296,654,228.7
"221","LEU","B",585,"-",15.29,2.57,17.86,0.1137,703,157.1
"222","SER","B",586,"-",17.04,14.92,31.95,0.2201,380,145.2
"223","GLU","B",587,"-",24.39,42.28,66.67,0.331,501,201.4
"224","LEU","B",588,"-",13.44,1.84,15.28,0.0973,742,157.1
"225","ALA","B",589,"-",9.31,2.29,11.6,0.0804,453,144.3
"226","VAL","B",590,"-",61.52,6.75,68.27,0.4465,381,152.9
"227","ILE","B",591,"-",40.88,13.49,54.37,0.3187,453,170.6
"228","LEU","B",592,"-",31.02,12.5,43.51,0.277,460,157.1
"229","LYS","B",593,"-",134.56,73.23,207.79,0.9046,283,229.7
"230","ALA","B",594,"-",9.49,9.65,19.13,0.1326,285,144.3
"231","LYS","B",595,"-",61.28,39.29,100.58,0.4379,434,229.7
"232","LYS","B",596,"-",27.43,26.4,53.82,0.2343,475,229.7
"233","TYR","B",597,"-",38.64,21.24,59.88,0.2914,741,205.5
"234","THR","B",598,"-",65.59,29.13,94.72,0.6207,300,152.6
"235","GLU","B",599,"-",53.75,49.37,103.12,0.512,372,201.4
"236","PHE","B",600,"-",23.36,14.73,38.1,0.2224,901,171.3
"237","ASP","B",601,"-",11.96,38.55,50.51,0.3397,440,148.7
"238","SER","B",602,"-",41.78,42.31,84.09,0.5792,286,145.2
"239","THR","B",603,"-",58.41,16.26,74.67,0.4893,316,152.6
"240","VAL","B",604,"-",7.37,5.44,12.81,0.0838,515,152.9
"241","THR","B",605,"-",27.08,7.09,34.18,0.224,459,152.6
"242","HIS","B",606,"-",14.44,10.79,25.23,0.1383,807,182.4
"243","VAL","B",607,"-",14.65,2.68,17.33,0.1134,645,152.9
"244","VAL","B",608,"-",12.71,3.13,15.84,0.1036,610,152.9
"245","VAL","B",609,"-",14.93,3.04,17.97,0.1175,645,152.9
"246","PRO","B",610,"-",50.99,18.41,69.4,0.4196,374,165.4
"247","GLY","B",611,"-",23.53,10.1,33.63,0.2775,249,121.2
"248","ASP","B",612,"-",46.43,77.83,124.26,0.8356,313,148.7
"249","ALA","B",613,"-",59.05,11.61,70.66,0.4897,248,144.3
"250","VAL","B",614,"-",32.38,13.42,45.8,0.2996,439,152.9
"251","GLN","B",615,"-",32.11,57.58,89.69,0.4312,434,208
"252","SER","B",616,"-",25.23,36.7,61.92,0.4265,346,145.2
"253","THR","B",617,"-",35.49,7.72,43.21,0.2832,462,152.6
"254","LEU","B",618,"-",48.65,3.9,52.55,0.3345,563,157.1
"255","LYS","B",619,"-",38.63,40.22,78.85,0.3433,523,229.7
"256","CYS","B",620,"-",11.6,3.2,14.8,0.1021,454,144.9
"257","MET","B",621,"-",16.23,2.88,19.11,0.0836,719,228.7
"258","LEU","B",622,"-",23.96,2.4,26.36,0.1678,613,157.1
"259","GLY","B",623,"-",5.4,2.86,8.26,0.0682,342,121.2
"260","ILE","B",624,"-",11.78,2.81,14.59,0.0855,768,170.6
"261","LEU","B",625,"-",15.34,11.03,26.36,0.1678,638,157.1
"262","ASN","B",626,"-",9.07,37.2,46.27,0.2983,464,155.1
"263","GLY","B",627,"-",9.29,10.73,20.02,0.1651,292,121.2
"264","CYS","B",628,"-",10.17,5.92,16.09,0.111,446,144.9
"265","TRP","B",629,"-",27.03,8.68,35.72,0.1821,1103,196.1
"266","ILE","B",630,"-",13.6,2.71,16.31,0.0956,644,170.6
"267","LEU","B",631,"-",6.35,2.77,9.12,0.0581,766,157.1
"268","LYS","B",632,"-",27.05,34.21,61.26,0.2667,704,229.7
"269","PHE","B",633,"-",17.69,1.9,19.59,0.1143,864,171.3
"270","GLU","B",634,"-",30.78,50.94,81.72,0.4057,564,201.4
"271","TRP","B",635,"-",23.47,3.1,26.57,0.1355,1254,196.1
"272","VAL","B",636,"-",8.37,1.79,10.16,0.0664,567,152.9
"273","LYS","B",637,"-",39.35,43.3,82.65,0.3598,498,229.7
"274","ALA","B",638,"-",12.86,3.61,16.47,0.1142,432,144.3
"275","CYS","B",639,"-",6.45,2.46,8.92,0.0615,541,144.9
"276","LEU","B",640,"-",21.63,8.65,30.28,0.1927,499,157.1
"277","ARG","B",641,"-",70.52,147.08,217.6,0.7916,392,274.9
"278","ARG","B",642,"-",37.68,97.85,135.53,0.493,495,274.9
"279","LYS","B",643,"-",62.7,55.48,118.19,0.5145,343,229.7
"280","VAL","B",644,"-",55.39,6.2,61.59,0.4028,344,152.9
"281","CYS","B",645,"-",43.9,19.8,63.7,0.4396,251,144.9
"282","GLU","B",646,"-",13.72,24.62,38.35,0.1904,529,201.4
"283","GLN","B",647,"-",34.29,75.28,109.57,0.5268,537,208
"284","GLU","B",648,"-",4.82,15.74,20.56,0.1021,643,201.4
"285","GLU","B",649,"-",22.24,31.71,53.95,0.2679,494,201.4
"286","LYS","B",650,"-",40.17,30.35,70.52,0.307,455,229.7
"287","TYR","B",651,"-",16.55,14.04,30.59,0.1489,727,205.5
"288","GLU","B",652,"-",7.44,15.69,23.13,0.1149,693,201.4
"289","ILE","B",653,"-",14.98,3.44,18.42,0.108,552,170.6
"290","PRO","B",654,"-",81.15,7.8,88.95,0.5378,338,165.4
"291","GLU","B",655,"-",58.01,78.22,136.22,0.6764,434,201.4
"292","GLY","B",656,"-",8.78,4.25,13.04,0.1076,363,121.2
"293","PRO","B",657,"-",17.86,3.22,21.08,0.1275,530,165.4
"294","ARG","B",658,"-",30.04,97.15,127.19,0.4627,629,274.9
"295","ARG","B",659,"-",22.5,68.49,90.99,0.331,712,274.9
"296","SER","B",660,"-",5.1,5.3,10.4,0.0717,501,145.2
"297","ARG","B",661,"-",7.27,21.38,28.65,0.1042,795,274.9
"298","LEU","B",662,"-",41.13,2.65,43.78,0.2787,549,157.1
"299","ASN","B",663,"-",5.1,17.3,22.4,0.1444,691,155.1
"300","ARG","B",664,"-",36.97,98.86,135.83,0.4941,511,274.9
"301","GLU","B",665,"-",27.06,49.21,76.27,0.3787,409,201.4
"302","GLN","B",666,"-",27.81,53.41,81.22,0.3905,420,208
"303","LEU","B",667,"-",121.28,18.49,139.76,0.8896,292,157.1
"304","LEU","B",668,"-",37.49,10.84,48.33,0.3076,465,157.1
"305","PRO","B",669,"-",35.4,4.59,39.99,0.2418,472,165.4
"306","LYS","B",670,"-",77.78,49.28,127.06,0.5531,569,229.7
"307","LEU","B",671,"-",7.78,3.66,11.45,0.0729,771,157.1
"308","PHE","B",672,"-",12.75,3.15,15.9,0.0928,1089,171.3
"309","ASP","B",673,"-",16.99,54.95,71.94,0.4838,474,148.7
"310","GLY","B",674,"-",12.9,7.52,20.42,0.1685,310,121.2
"311","CYS","B",675,"-",8.46,3,11.46,0.0791,575,144.9
"312","TYR","B",676,"-",27.94,23.97,51.92,0.2526,1040,205.5
"313","PHE","B",677,"-",10.15,2.46,12.61,0.0736,1169,171.3
"314","TYR","B",678,"-",18.66,26.12,44.79,0.2179,1150,205.5
"315","LEU","B",679,"-",17.69,6.57,24.26,0.1544,695,157.1
"316","TRP","B",680,"-",112.81,13.32,126.13,0.6432,791,196.1
"317","GLY","B",681,"-",23.96,13.64,37.6,0.3103,202,121.2
"318","THR","B",682,"-",94.27,44.18,138.45,0.9073,288,152.6
"319","PHE","B",683,"-",16.24,14.76,31,0.1809,961,171.3
"320","LYS","B",684,"-",101.11,70.68,171.79,0.7479,405,229.7
"321","HIS","B",685,"-",93.87,61.59,155.46,0.8523,402,182.4
"322","HIS","B",686,"-",45.77,28.31,74.08,0.4061,557,182.4
"323","PRO","B",687,"-",51.2,2.67,53.87,0.3257,471,165.4
"324","LYS","B",688,"-",54.9,43.57,98.47,0.4287,535,229.7
"325","ASP","B",689,"-",26.45,58.18,84.62,0.5691,460,148.7
"326","ASN","B",690,"-",5.6,35.46,41.06,0.2647,551,155.1
"327","LEU","B",691,"-",15.77,1.73,17.5,0.1114,702,157.1
"328","ILE","B",692,"-",42.51,2.3,44.81,0.2626,533,170.6
"329","LYS","B",693,"-",52.28,48.48,100.76,0.4387,495,229.7
"330","LEU","B",694,"-",14.36,1.96,16.31,0.1038,619,157.1
"331","VAL","B",695,"-",9.1,1.94,11.04,0.0722,625,152.9
"332","THR","B",696,"-",60.97,20.51,81.48,0.5339,365,152.6
"333","ALA","B",697,"-",19.67,10.44,30.11,0.2086,239,144.3
"334","GLY","B",698,"-",7.67,4.51,12.18,0.1005,234,121.2
"335","GLY","B",699,"-",17.17,10.28,27.45,0.2265,204,121.2
"336","GLY","B",700,"-",9.4,11.46,20.86,0.1721,237,121.2
"337","GLN","B",701,"-",32.13,60.51,92.64,0.4454,450,208
"338","ILE","B",702,"-",29.88,8.88,38.75,0.2272,443,170.6
"339","LEU","B",703,"-",23.45,5.25,28.69,0.1826,524,157.1
"340","SER","B",704,"-",56.03,59.7,115.73,0.797,209,145.2
"341","ARG","B",705,"-",93.89,140.88,234.78,0.854,336,274.9
"342","LYS","B",706,"-",48.78,53.14,101.91,0.4437,424,229.7
"343","PRO","B",707,"-",29.09,9.32,38.41,0.2322,440,165.4
"344","LYS","B",708,"-",114.16,71.3,185.45,0.8074,297,229.7
"345","SER","B",711,"-",26.71,43.12,69.83,0.4809,317,145.2
"346","ASP","B",712,"-",49.2,70.11,119.32,0.8024,344,148.7
"347","VAL","B",713,"-",92.46,4.22,96.68,0.6323,365,152.9
"348","THR","B",714,"-",14.53,8.36,22.89,0.15,526,152.6
"349","GLN","B",715,"-",42.12,99.86,141.99,0.6826,441,208
"350","THR","B",716,"-",48.98,19.5,68.47,0.4487,338,152.6
"351","ILE","B",717,"-",18.4,5.36,23.76,0.1393,520,170.6
"352","ASN","B",718,"-",37.8,102.69,140.49,0.9058,294,155.1
"353","THR","B",719,"-",34.42,15.74,50.16,0.3287,384,152.6
"354","VAL","B",720,"-",67.33,10.12,77.45,0.5065,396,152.9
"355","ALA","B",721,"-",11.85,3.61,15.46,0.1072,451,144.3
"356","TYR","B",722,"-",54.1,32.17,86.26,0.4198,666,205.5
"357","HIS","B",723,"-",17.81,20.63,38.45,0.2108,619,182.4
"358","ALA","B",724,"-",10.09,5.95,16.04,0.1111,405,144.3
"359","ARG","B",725,"-",50.11,88.64,138.75,0.5047,563,274.9
"360","PRO","B",726,"-",75.13,13.9,89.03,0.5383,369,165.4
"361","ASP","B",727,"-",41.48,62.1,103.58,0.6966,300,148.7
"362","SER","B",728,"-",17.33,8.43,25.76,0.1774,391,145.2
"363","ASP","B",729,"-",16.73,51.47,68.2,0.4587,526,148.7
"364","GLN","B",730,"-",9.3,15.18,24.47,0.1177,836,208
"365","ARG","B",731,"-",9.49,42.56,52.05,0.1894,674,274.9
"366","PHE","B",732,"-",72.85,6.54,79.38,0.4634,568,171.3
"367","CYS","B",733,"-",7.59,2.41,10,0.069,536,144.9
"368","THR","B",734,"-",8.37,6.48,14.85,0.0973,539,152.6
"369","GLN","B",735,"-",7.12,13.66,20.78,0.0999,734,208
"370","TYR","B",736,"-",9.28,6.72,16,0.0779,1068,205.5
"371","ILE","B",737,"-",23.98,2.44,26.42,0.1549,643,170.6
"372","ILE","B",738,"-",10.7,2.05,12.75,0.0747,719,170.6
"373","TYR","B",739,"-",15.72,6.61,22.33,0.1087,1066,205.5
"374","GLU","B",740,"-",20.38,27.12,47.5,0.2359,498,201.4
"375","ASP","B",741,"-",16.86,40.87,57.73,0.3882,483,148.7
"376","LEU","B",742,"-",113.22,5.73,118.95,0.7572,406,157.1
"377","CYS","B",743,"-",88.04,21.33,109.37,0.7548,229,144.9
"378","ASN","B",744,"-",37.52,83.67,121.19,0.7813,302,155.1
"379","TYR","B",745,"-",42.62,21.79,64.41,0.3134,690,205.5
"380","HIS","B",746,"-",91.96,62.55,154.51,0.8471,322,182.4
"381","PRO","B",747,"-",42.91,24.04,66.95,0.4048,306,165.4
"382","ARG","B",749,"-",64.2,85.02,149.22,0.5428,493,274.9
"383","VAL","B",750,"-",34.79,4.93,39.72,0.2598,504,152.9
"384","ARG","B",751,"-",8.01,64.91,72.91,0.2652,750,274.9
"385","GLN","B",752,"-",78.68,115.52,194.2,0.9336,319,208
"386","GLY","B",753,"-",25.66,12.57,38.23,0.3154,193,121.2
"387","LYS","B",754,"-",30.32,13.78,44.1,0.192,506,229.7
"388","VAL","B",755,"-",19.59,2.77,22.35,0.1462,475,152.9
"389","TRP","B",756,"-",19.99,4.58,24.58,0.1253,1009,196.1
"390","LYS","B",757,"-",39.03,28.49,67.52,0.294,469,229.7
"391","ALA","B",758,"-",8.17,2.52,10.69,0.0741,381,144.3
"392","PRO","B",759,"-",24.04,2.25,26.29,0.1589,517,165.4
"393","SER","B",760,"-",13.81,11.75,25.56,0.176,429,145.2
"394","SER","B",761,"-",33.6,18.72,52.32,0.3603,352,145.2
"395","TRP","B",762,"-",23.2,3.73,26.94,0.1374,1214,196.1
"396","PHE","B",763,"-",14.87,1.63,16.49,0.0963,839,171.3
"397","ILE","B",764,"-",24.78,1.95,26.73,0.1567,582,170.6
"398","ASP","B",765,"-",15.39,51.64,67.04,0.4508,488,148.7
"399","CYS","B",766,"-",3.42,1.42,4.84,0.0334,583,144.9
"400","VAL","B",767,"-",11.84,3.25,15.1,0.0987,537,152.9
"401","MET","B",768,"-",29.99,8.03,38.02,0.1662,438,228.7
"402","SER","B",769,"-",19.46,10.06,29.52,0.2033,381,145.2
"403","PHE","B",770,"-",16.05,4.26,20.31,0.1186,717,171.3
"404","GLU","B",771,"-",20.46,50,70.46,0.3499,502,201.4
"405","LEU","B",772,"-",18.8,8.81,27.61,0.1758,485,157.1
"406","LEU","B",773,"-",28.18,3.46,31.64,0.2014,456,157.1
"407","PRO","B",774,"-",98.33,10.15,108.48,0.6558,263,165.4
"408","LEU","B",775,"-",33.52,40.91,74.43,0.4738,321,157.1
