pos,ref,alt,exon,target,consequence,score,functional_consequence,amino_acid_change,pos_id,RNAscore,RNA_consequence,ref_aa,alt_aa,aa_pos,domain,ddG
214728692,A,G,BARD1_X11,BARD1_X11D,missense_variant,-0.14925,functionally_abnormal,L773P,214728692:G,0.1157394258713934,normal,L,P,773,BRCT,1.7092
214728695,A,C,BARD1_X11,BARD1_X11D,missense_variant,-0.15622,functionally_abnormal,L772W,214728695:C,0.0594738405453485,normal,L,W,772,BRCT,2.0853
214728695,A,G,BARD1_X11,BARD1_X11D,missense_variant,-0.261535,functionally_abnormal,L772S,214728695:G,-0.4879561612874932,normal,L,S,772,BRCT,2.9082
214728700,A,C,BARD1_X11,BARD1_X11D,missense_variant,-0.108066,functionally_abnormal,F770L,214728700:C,0.1229775554592058,normal,F,L,770,BRCT,1.6747
214728700,A,T,BARD1_X11,BARD1_X11D,missense_variant,-0.15081,functionally_abnormal,F770L,214728700:T,0.1291625325932815,normal,F,L,770,BRCT,1.6747
214728702,A,G,BARD1_X11,BARD1_X11D,missense_variant,-0.126151,functionally_abnormal,F770L,214728702:G,0.4867597991093065,normal,F,L,770,BRCT,1.6747
214728702,A,C,BARD1_X11,BARD1_X11D,missense_variant,-0.0657991,functionally_abnormal,F770V,214728702:C,-0.0373291415084369,normal,F,V,770,BRCT,1.9365
214728702,A,T,BARD1_X11,BARD1_X11D,missense_variant,-0.369972,functionally_abnormal,F770I,214728702:T,-0.2816154433085846,normal,F,I,770,BRCT,1.8804
214728710,A,C,BARD1_X11,BARD1_X11D,missense_variant,-0.346825,functionally_abnormal,V767G,214728710:C,0.3720375358981555,normal,V,G,767,BRCT,2.2172
214728710,A,T,BARD1_X11,BARD1_X11D,missense_variant,-0.204827,functionally_abnormal,V767E,214728710:T,0.6424390261839485,normal,V,E,767,BRCT,2.3822
214728712,A,C,BARD1_X11,BARD1_X11D,missense_variant,-0.269723,functionally_abnormal,C766W,214728712:C,-0.1647841203269197,normal,C,W,766,BRCT,0.632
214728713,C,A,BARD1_X11,BARD1_X11D,missense_variant,-0.383279,functionally_abnormal,C766F,214728713:A,0.0610023811869775,normal,C,F,766,BRCT,0.8339
214728713,C,T,BARD1_X11,BARD1_X11D,missense_variant,-0.214443,functionally_abnormal,C766Y,214728713:T,0.752559153476495,normal,C,Y,766,BRCT,0.957
214728714,A,C,BARD1_X11,BARD1_X11D,missense_variant,-0.177129,functionally_abnormal,C766G,214728714:C,-0.2289952500401242,normal,C,G,766,BRCT,0.7746
214728714,A,G,BARD1_X11,BARD1_X11D,missense_variant,-0.310455,functionally_abnormal,C766R,214728714:G,0.0103579631842831,normal,C,R,766,BRCT,0.7326
214728716,T,A,BARD1_X11,BARD1_X11C,missense_variant,-0.114136,functionally_abnormal,D765V,214728716:A,1.157771052739036,normal,D,V,765,BRCT,-0.1711
214728722,A,G,BARD1_X11,BARD1_X11C,missense_variant,-0.315141,functionally_abnormal,F763S,214728722:G,-0.05477823899022985,normal,F,S,763,BRCT,2.1456
214728724,C,A,BARD1_X11,BARD1_X11C,missense_variant,-0.294802,functionally_abnormal,W762C,214728724:A,0.3102191699586143,normal,W,C,762,BRCT,0.9738
214728724,C,G,BARD1_X11,BARD1_X11C,missense_variant,-0.434845,functionally_abnormal,W762C,214728724:G,0.2191940014802954,normal,W,C,762,BRCT,0.9738
214728725,C,A,BARD1_X11,BARD1_X11C,missense_variant,-0.0769333,functionally_abnormal,W762L,214728725:A,-0.8181971919888915,normal,W,L,762,BRCT,1.1948
214728725,C,G,BARD1_X11,BARD1_X11C,missense_variant,-0.259667,functionally_abnormal,W762S,214728725:G,0.194811526805383,normal,W,S,762,BRCT,1.9431
214728726,A,C,BARD1_X11,BARD1_X11C,missense_variant,-0.321208,functionally_abnormal,W762G,214728726:C,-0.2325890656390856,normal,W,G,762,BRCT,2.3955
214728726,A,G,BARD1_X11,BARD1_X11C,missense_variant,-0.193886,functionally_abnormal,W762R,214728726:G,0.1835079986487446,normal,W,R,762,BRCT,1.7048
214728726,A,T,BARD1_X11,BARD1_X11C,missense_variant,-0.204673,functionally_abnormal,W762R,214728726:T,-0.07172694568626714,normal,W,R,762,BRCT,1.7048
214728737,G,T,BARD1_X11,BARD1_X11C,missense_variant,-0.193031,functionally_abnormal,A758D,214728737:T,-0.0336039025687876,normal,A,D,758,BRCT,2.9513
214728738,C,G,BARD1_X11,BARD1_X11C,missense_variant,-0.24576,functionally_abnormal,A758P,214728738:G,-0.317681115450584,normal,A,P,758,BRCT,2.9015
214728744,A,C,BARD1_X11,BARD1_X11C,missense_variant,-0.116293,functionally_abnormal,W756G,214728744:C,0.3995491715235372,normal,W,G,756,BRCT,2.1562
214728744,A,G,BARD1_X11,BARD1_X11C,missense_variant,-0.0853611,functionally_abnormal,W756R,214728744:G,0.1006247019695528,normal,W,R,756,BRCT,2.0981
214728744,A,T,BARD1_X11,BARD1_X11C,missense_variant,-0.105526,functionally_abnormal,W756R,214728744:T,0.1755541472564137,normal,W,R,756,BRCT,2.0981
214728746,A,C,BARD1_X11,BARD1_X11C,missense_variant,-0.347306,functionally_abnormal,V755G,214728746:C,0.3287596592545744,normal,V,G,755,BRCT,2.1781
214728746,A,G,BARD1_X11,BARD1_X11C,missense_variant,-0.15279,functionally_abnormal,V755A,214728746:G,-0.1546421951923844,normal,V,A,755,BRCT,1.3966
214728746,A,T,BARD1_X11,BARD1_X11C,missense_variant,-0.222115,functionally_abnormal,V755D,214728746:T,0.1079695236562513,normal,V,D,755,BRCT,2.3764
214728747,C,A,BARD1_X11,BARD1_X11C,missense_variant,-0.213149,functionally_abnormal,V755F,214728747:A,0.2655313454685369,normal,V,F,755,BRCT,1.0651
214728748,T,A,BARD1_X11,BARD1_X11C,missense_variant,-0.160293,functionally_abnormal,K754N,214728748:A,-0.0405582515154123,normal,K,N,754,BRCT,0.2688
214728748,T,G,BARD1_X11,BARD1_X11C,missense_variant,-0.135325,functionally_abnormal,K754N,214728748:G,0.1665318327747681,normal,K,N,754,BRCT,0.2688
214728749,T,A,BARD1_X11,BARD1_X11C,missense_variant,-0.198491,functionally_abnormal,K754I,214728749:A,0.3952882997702758,normal,K,I,754,BRCT,0.6663
214728749,T,G,BARD1_X11,BARD1_X11C,missense_variant,-0.171462,functionally_abnormal,K754T,214728749:G,0.0051540597579376,normal,K,T,754,BRCT,0.6379
214728750,T,C,BARD1_X11,BARD1_X11C,missense_variant,-0.278605,functionally_abnormal,K754E,214728750:C,0.2911029664927542,normal,K,E,754,BRCT,1.2834
214728750,T,G,BARD1_X11,BARD1_X11C,missense_variant,-0.0625933,functionally_abnormal,K754Q,214728750:G,0.1323232422351186,normal,K,Q,754,BRCT,0.6535
214728752,C,A,BARD1_X11,BARD1_X11C,missense_variant,-0.209169,functionally_abnormal,G753V,214728752:A,0.3380365185992177,normal,G,V,753,BRCT,1.5989
214728752,C,T,BARD1_X11,BARD1_X11C,missense_variant,-0.136823,functionally_abnormal,G753D,214728752:T,-0.0531534400295852,normal,G,D,753,BRCT,1.068
214728753,C,G,BARD1_X11,BARD1_X11C,missense_variant,-0.188669,functionally_abnormal,G753R,214728753:G,0.0959714241818363,normal,G,R,753,BRCT,1.3707
214728755,T,G,BARD1_X11,BARD1_X11C,missense_variant,-0.209505,functionally_abnormal,Q752P,214728755:G,0.0844535991857661,normal,Q,P,752,BRCT,1.187
214728791,T,A,BARD1_X11,BARD1_X11C,missense_variant,-0.120516,functionally_abnormal,E740V,214728791:A,0.2658419629649245,normal,E,V,740,BRCT,1.7494
214728792,C,T,BARD1_X11,BARD1_X11C,missense_variant,-0.182501,functionally_abnormal,E740K,214728792:T,0.1055619103832267,normal,E,K,740,BRCT,1.8132
214728797,A,C,BARD1_X11,BARD1_X11C,missense_variant,-0.261917,functionally_abnormal,I738S,214728797:C,0.4162275956918649,normal,I,S,738,BRCT,3.3388
214728797,A,G,BARD1_X11,BARD1_X11C,missense_variant,-0.205334,functionally_abnormal,I738T,214728797:G,0.1874146555525285,normal,I,T,738,BRCT,2.8563
214728797,A,T,BARD1_X11,BARD1_X11C,missense_variant,-0.281029,functionally_abnormal,I738N,214728797:T,0.725963334490631,normal,I,N,738,BRCT,3.4391
214728798,T,A,BARD1_X11,BARD1_X11C,missense_variant,-0.285495,functionally_abnormal,I738F,214728798:A,0.114573848667034,normal,I,F,738,BRCT,1.8504
214728803,T,C,BARD1_X11,BARD1_X11C,missense_variant,-0.299096,functionally_abnormal,Y736C,214728803:C,0.273487423575783,normal,Y,C,736,BRCT,2.3693
214728803,T,G,BARD1_X11,BARD1_X11C,missense_variant,-0.339594,functionally_abnormal,Y736S,214728803:G,-0.0194390968242151,normal,Y,S,736,BRCT,3.1356
214728804,A,C,BARD1_X11,BARD1_X11C,missense_variant,-0.377687,functionally_abnormal,Y736D,214728804:C,-0.0507846117798786,normal,Y,D,736,BRCT,3.2333
214728804,A,T,BARD1_X11,BARD1_X11C,missense_variant,-0.288304,functionally_abnormal,Y736N,214728804:T,0.0322307410631769,normal,Y,N,736,BRCT,2.792
214728806,T,C,BARD1_X11,BARD1_X11C,missense_variant,-0.267533,functionally_abnormal,Q735R,214728806:C,0.0116369278647782,normal,Q,R,735,BRCT,0.5942
214728806,T,G,BARD1_X11,BARD1_X11C,missense_variant,-0.280232,functionally_abnormal,Q735P,214728806:G,0.03915751353292,normal,Q,P,735,BRCT,0.5927
214728807,G,C,BARD1_X11,BARD1_X11C,missense_variant,-0.172815,functionally_abnormal,Q735E,214728807:C,0.2252756236474243,normal,Q,E,735,BRCT,0.6947
214728807,G,T,BARD1_X11,BARD1_X11C,missense_variant,-0.267677,functionally_abnormal,Q735K,214728807:T,0.0012633396956329,normal,Q,K,735,BRCT,0.6328
214728809,G,A,BARD1_X11,BARD1_X11C,missense_variant,-0.0929605,functionally_abnormal,T734I,214728809:A,-0.020577475581506,normal,T,I,734,BRCT,1.0586
214728809,G,C,BARD1_X11,BARD1_X11C,missense_variant,-0.286794,functionally_abnormal,T734R,214728809:C,0.0935783335608485,normal,T,R,734,BRCT,1.8
214728809,G,T,BARD1_X11,BARD1_X11C,missense_variant,-0.272795,functionally_abnormal,T734K,214728809:T,-0.1291129724648381,normal,T,K,734,BRCT,2.0952
214728810,T,G,BARD1_X11,BARD1_X11C,missense_variant,-0.12207,functionally_abnormal,T734P,214728810:G,0.0654875750646077,normal,T,P,734,BRCT,1.6797
214728811,G,C,BARD1_X11,BARD1_X11C,missense_variant,-0.103776,functionally_abnormal,C733W,214728811:C,-0.054949549262926,normal,C,W,733,BRCT,0.6194
214728813,A,G,BARD1_X11,BARD1_X11C,missense_variant,-0.112992,functionally_abnormal,C733R,214728813:G,0.2569993007872143,normal,C,R,733,BRCT,0.8897
214728818,C,G,BARD1_X11,BARD1_X11B,missense_variant,-0.0839267,functionally_abnormal,R731P,214728818:G,-0.03519964444508565,normal,R,P,731,BRCT,2.151
214728821,T,G,BARD1_X11,BARD1_X11B,missense_variant,-0.0642388,functionally_abnormal,Q730P,214728821:G,0.06910732029520865,normal,Q,P,730,BRCT,1.0117
214728839,G,T,BARD1_X11,BARD1_X11B,missense_variant,-0.279795,functionally_abnormal,A724E,214728839:T,-0.9388202249254556,normal,A,E,724,BRCT,2.0678
214728840,C,G,BARD1_X11,BARD1_X11B,missense_variant,-0.171649,functionally_abnormal,A724P,214728840:G,-0.5042871570753031,normal,A,P,724,BRCT,1.8457
214728842,T,A,BARD1_X11,BARD1_X11B,missense_variant,-0.310873,functionally_abnormal,H723L,214728842:A,-0.9218413513506424,normal,H,L,723,BRCT,2.105
214728842,T,C,BARD1_X11,BARD1_X11B,missense_variant,-0.175912,functionally_abnormal,H723R,214728842:C,-0.3973343535893587,normal,H,R,723,BRCT,1.7035
214728842,T,G,BARD1_X11,BARD1_X11B,missense_variant,-0.35483,functionally_abnormal,H723P,214728842:G,-0.5793135973954949,normal,H,P,723,BRCT,2.4903
214728843,G,C,BARD1_X11,BARD1_X11B,missense_variant,-0.371412,functionally_abnormal,H723D,214728843:C,-0.5660027267673537,normal,H,D,723,BRCT,3.063
214728846,A,C,BARD1_X11,BARD1_X11B,missense_variant,-0.320589,functionally_abnormal,Y722D,214728846:C,-1.196049782629148,normal,Y,D,722,BRCT,1.7109
214728846,A,T,BARD1_X11,BARD1_X11B,missense_variant,-0.0647239,functionally_abnormal,Y722N,214728846:T,-0.1427321930120866,normal,Y,N,722,BRCT,1.3057
214728848,G,T,BARD1_X11,BARD1_X11B,missense_variant,-0.421355,functionally_abnormal,A721E,214728848:T,-0.3230966964806284,normal,A,E,721,BRCT,2.8542
214728851,A,C,BARD1_X11,BARD1_X11B,missense_variant,-0.11618,functionally_abnormal,V720G,214728851:C,0.1283783346614185,normal,V,G,720,BRCT,2.0823
214728851,A,T,BARD1_X11,BARD1_X11B,missense_variant,-0.0944795,functionally_abnormal,V720D,214728851:T,0.652284206691174,normal,V,D,720,BRCT,1.9415
214728855,T,G,BARD1_X11,BARD1_X11B,missense_variant,-0.179975,functionally_abnormal,T719P,214728855:G,-0.9358414401549224,normal,T,P,719,BRCT,1.1913
214728865,C,A,BARD1_X11,BARD1_X11B,missense_variant,-0.18137,functionally_abnormal,Q715H,214728865:A,-0.4226853074646312,normal,Q,H,715,BRCT,0.0336
214728865,C,G,BARD1_X11,BARD1_X11B,missense_variant,-0.171493,functionally_abnormal,Q715H,214728865:G,-0.3729898061096403,normal,Q,H,715,BRCT,0.0336
214728866,T,C,BARD1_X11,BARD1_X11B,missense_variant,-0.247699,functionally_abnormal,Q715R,214728866:C,-1.026899833777998,normal,Q,R,715,BRCT,0.4192
214728866,T,G,BARD1_X11,BARD1_X11B,missense_variant,-0.345637,functionally_abnormal,Q715P,214728866:G,-0.0704716483863611,normal,Q,P,715,BRCT,0.7838
214728867,G,C,BARD1_X11,BARD1_X11B,missense_variant,-0.244235,functionally_abnormal,Q715E,214728867:C,-0.7182289677919264,normal,Q,E,715,BRCT,-0.0925
214728867,G,T,BARD1_X11,BARD1_X11B,missense_variant,-0.314029,functionally_abnormal,Q715K,214728867:T,-0.6112319807603512,normal,Q,K,715,BRCT,0.3486
214728870,T,G,BARD1_X11,BARD1_X11B,missense_variant,-0.188438,functionally_abnormal,T714P,214728870:G,-0.4574549864715898,normal,T,P,714,BRCT,1.2136
214728872,A,C,BARD1_X11,BARD1_X11B,missense_variant,-0.0693891,functionally_abnormal,V713G,214728872:C,-0.6310894473558176,normal,V,G,713,BRCT,0.2332
214728872,A,T,BARD1_X11,BARD1_X11B,missense_variant,-0.0894007,functionally_abnormal,V713E,214728872:T,0.2204791886970686,normal,V,E,713,BRCT,-0.1333
214728874,G,C,BARD1_X11,BARD1_X11B,missense_variant,-0.0633488,functionally_abnormal,D712E,214728874:C,0.013156539945584,normal,D,E,712,BRCT,0.0257
214728874,G,T,BARD1_X11,BARD1_X11B,missense_variant,-0.0648938,functionally_abnormal,D712E,214728874:T,-0.3221488644769615,normal,D,E,712,BRCT,0.0257
214728875,T,A,BARD1_X11,BARD1_X11B,missense_variant,-0.260887,functionally_abnormal,D712V,214728875:A,-0.0705157292554711,normal,D,V,712,BRCT,0.1125
214728875,T,C,BARD1_X11,BARD1_X11B,missense_variant,-0.163425,functionally_abnormal,D712G,214728875:C,-0.7148746914456,normal,D,G,712,BRCT,0.1743
214728875,T,G,BARD1_X11,BARD1_X11B,missense_variant,-0.23413,functionally_abnormal,D712A,214728875:G,-1.185320565956094,normal,D,A,712,BRCT,-0.0373
214728876,C,A,BARD1_X11,BARD1_X11B,missense_variant,-0.307552,functionally_abnormal,D712Y,214728876:A,-0.920862121236845,normal,D,Y,712,BRCT,0.1628
214728876,C,G,BARD1_X11,BARD1_X11B,missense_variant,-0.292732,functionally_abnormal,D712H,214728876:G,-0.1813426302006036,normal,D,H,712,BRCT,0.0512
214728876,C,T,BARD1_X11,BARD1_X11B,missense_variant,-0.282021,functionally_abnormal,D712N,214728876:T,-0.4411482671191915,normal,D,N,712,BRCT,0.0966
214728878,C,A,BARD1_X11,BARD1_X11B,missense_variant,-0.122585,functionally_abnormal,S711I,214728878:A,-0.3584486458056407,normal,S,I,711,BRCT,1.323
214728888,T,C,BARD1_X11,BARD1_X11B,missense_variant,-0.0670589,functionally_abnormal,K708E,214728888:C,-0.0526437741078787,normal,K,E,708,BRCT,-0.1293
214728895,T,A,BARD1_X11,BARD1_X11B,missense_variant,-0.210938,functionally_abnormal,R705S,214728895:A,-0.7668603744325276,normal,R,S,705,BRCT,0.1587
214728895,T,G,BARD1_X11,BARD1_X11B,missense_variant,-0.275783,functionally_abnormal,R705S,214728895:G,-0.2095143225797147,normal,R,S,705,BRCT,0.1587
214728896,C,A,BARD1_X11,BARD1_X11B,missense_variant,-0.199029,functionally_abnormal,R705I,214728896:A,-1.293517432143309,low,R,I,705,BRCT,0.033
214728896,C,G,BARD1_X11,BARD1_X11B,missense_variant,-0.26412,functionally_abnormal,R705T,214728896:G,-0.403915360920216,normal,R,T,705,BRCT,0.0232
214728896,C,T,BARD1_X11,BARD1_X11B,missense_variant,-0.152109,functionally_abnormal,R705K,214728896:T,-0.1084403334785865,normal,R,K,705,BRCT,0.1633
214728897,T,C,BARD1_X11,BARD1_X11B,missense_variant,-0.249391,functionally_abnormal,R705G,214728897:C,0.061529901284463,normal,R,G,705,BRCT,0.7585
214728902,A,G,BARD1_X11,BARD1_X11A,missense_variant,-0.164096,functionally_abnormal,L703P,214728902:G,-0.1865555800550977,normal,L,P,703,BRCT,3.172
214728908,T,G,BARD1_X11,BARD1_X11A,missense_variant,-0.417091,functionally_abnormal,Q701P,214728908:G,-0.7128802420608272,normal,Q,P,701,BRCT,2.9913
214728911,C,A,BARD1_X11,BARD1_X11A,missense_variant,-0.248845,functionally_abnormal,G700V,214728911:A,-0.1344273389315589,normal,G,V,700,BRCT,2.3265
214728911,C,T,BARD1_X11,BARD1_X11A,missense_variant,-0.077778,functionally_abnormal,G700D,214728911:T,0.1556027160951184,normal,G,D,700,BRCT,3.1155
214728912,C,A,BARD1_X11,BARD1_X11A,missense_variant,-0.281863,functionally_abnormal,G700C,214728912:A,-0.6210843126721683,normal,G,C,700,BRCT,1.8832
214728912,C,G,BARD1_X11,BARD1_X11A,missense_variant,-0.355657,functionally_abnormal,G700R,214728912:G,-0.2115820923651455,normal,G,R,700,BRCT,2.7346
214728912,C,T,BARD1_X11,BARD1_X11A,missense_variant,-0.10672,functionally_abnormal,G700S,214728912:T,0.1499512357030404,normal,G,S,700,BRCT,2.5967
214728914,C,A,BARD1_X11,BARD1_X11A,missense_variant,-0.236233,functionally_abnormal,G699V,214728914:A,-0.2918633176627404,normal,G,V,699,BRCT,1.6842
214728915,C,A,BARD1_X11,BARD1_X11A,missense_variant,-0.192808,functionally_abnormal,G699W,214728915:A,-0.4432748952298476,normal,G,W,699,BRCT,1.3356
214728917,C,A,BARD1_X11,BARD1_X11A,missense_variant,-0.331659,functionally_abnormal,G698V,214728917:A,-0.3057530042104264,normal,G,V,698,BRCT,1.8396
214728917,C,T,BARD1_X11,BARD1_X11A,missense_variant,-0.236408,functionally_abnormal,G698D,214728917:T,-0.7860182163666294,normal,G,D,698,BRCT,2.9265
214728918,C,G,BARD1_X11,BARD1_X11A,missense_variant,-0.277642,functionally_abnormal,G698R,214728918:G,-0.9772333647755432,normal,G,R,698,BRCT,2.378
214728921,C,G,BARD1_X11,BARD1_X11A,missense_variant,-0.360412,functionally_abnormal,A697P,214728921:G,-0.1868282866515831,normal,A,P,697,BRCT,2.2376
214728926,A,T,BARD1_X11,BARD1_X11A,missense_variant,-0.0940334,functionally_abnormal,V695D,214728926:T,-0.1087562519464539,normal,V,D,695,BRCT,3.4171
214728929,A,C,BARD1_X11,BARD1_X11A,missense_variant,-0.237131,functionally_abnormal,L694R,214728929:C,0.2886219843547963,normal,L,R,694,BRCT,2.4671
214728929,A,G,BARD1_X11,BARD1_X11A,missense_variant,-0.248535,functionally_abnormal,L694P,214728929:G,-1.066623346728832,normal,L,P,694,BRCT,2.6706
214728929,A,T,BARD1_X11,BARD1_X11A,missense_variant,-0.308206,functionally_abnormal,L694H,214728929:T,0.3774068089536699,normal,L,H,694,BRCT,2.0746
214728938,A,C,BARD1_X11,BARD1_X11A,missense_variant,-0.336537,functionally_abnormal,L691R,214728938:C,-0.1414447150234621,normal,L,R,691,BRCT,3.0776
214728938,A,G,BARD1_X11,BARD1_X11A,missense_variant,-0.172296,functionally_abnormal,L691P,214728938:G,0.2364164404578182,normal,L,P,691,BRCT,3.0766
214728963,A,C,BARD1_X11,BARD1_X11A,missense_variant,-0.0783586,functionally_abnormal,F683V,214728963:C,0.0351877937930751,normal,F,V,683,BRCT,1.7033
214728968,C,A,BARD1_X11,BARD1_X11A,missense_variant,-0.255312,functionally_abnormal,G681V,214728968:A,-0.4263899687012022,normal,G,V,681,BRCT,1.6341
214728974,A,G,BARD1_X11,BARD1_X11A,missense_variant,-0.242109,functionally_abnormal,L679S,214728974:G,0.0267528926310027,normal,L,S,679,BRCT,2.2273
214728978,A,C,BARD1_X11,BARD1_X11A,missense_variant,-0.34274,functionally_abnormal,Y678D,214728978:C,0.1687406119786795,normal,Y,D,678,BRCT,3.9401
214728980,A,C,BARD1_X11,BARD1_X11A,missense_variant,-0.0968029,functionally_abnormal,F677C,214728980:C,-0.0682593062596785,normal,F,C,677,BRCT,1.5168
214728980,A,G,BARD1_X11,BARD1_X11A,missense_variant,-0.264843,functionally_abnormal,F677S,214728980:G,-0.3196302269333717,normal,F,S,677,BRCT,2.5042
214728984,A,C,BARD1_X11,BARD1_X11A,missense_variant,-0.0809559,functionally_abnormal,Y676D,214728984:C,-0.1109193830571378,normal,Y,D,676,BRCT,3.128
214728985,G,C,BARD1_X11,BARD1_X11A,missense_variant,-0.272496,functionally_abnormal,C675W,214728985:C,1.016867264796332,normal,C,W,675,BRCT,0.9529
214728986,C,A,BARD1_X11,BARD1_X11A,missense_variant,-0.219721,functionally_abnormal,C675F,214728986:A,-0.2824434159137327,normal,C,F,675,BRCT,0.1113
214728986,C,T,BARD1_X11,BARD1_X11A,missense_variant,-0.240768,functionally_abnormal,C675Y,214728986:T,-0.136694031057057,normal,C,Y,675,BRCT,0.3385
214728987,A,C,BARD1_X11,BARD1_X11A,missense_variant,-0.259745,functionally_abnormal,C675G,214728987:C,0.0254229805992403,normal,C,G,675,BRCT,2.0233
214728987,A,G,BARD1_X11,BARD1_X11A,missense_variant,-0.272658,functionally_abnormal,C675R,214728987:G,-0.0852083638322522,normal,C,R,675,BRCT,1.8257
214728989,C,A,BARD1_X11,BARD1_X11A,missense_variant,-0.196457,functionally_abnormal,G674V,214728989:A,-0.5582978719613902,normal,G,V,674,BRCT,2.6263
214728995,A,C,BARD1_X11,BARD1_X11A,missense_variant,-0.149092,functionally_abnormal,F672C,214728995:C,-0.2979720733602697,normal,F,C,672,BRCT,1.6494
214728995,A,G,BARD1_X11,BARD1_X11A,missense_variant,-0.323468,functionally_abnormal,F672S,214728995:G,0.0321653332267062,normal,F,S,672,BRCT,2.7736
214728996,A,C,BARD1_X11,BARD1_X11A,missense_variant,-0.269527,functionally_abnormal,F672V,214728996:C,-0.3666256490132846,normal,F,V,672,BRCT,2.3704
214728996,A,T,BARD1_X11,BARD1_X11A,missense_variant,-0.271167,functionally_abnormal,F672I,214728996:T,-0.2334978885558518,normal,F,I,672,BRCT,2.0499
214728998,A,C,BARD1_X11,BARD1_X11A,missense_variant,-0.384929,functionally_abnormal,L671R,214728998:C,-0.5453914648405807,normal,L,R,671,BRCT,3.3676
214728998,A,G,BARD1_X11,BARD1_X11A,missense_variant,-0.340151,functionally_abnormal,L671P,214728998:G,-0.5497988393472315,normal,L,P,671,BRCT,3.5921
214728998,A,T,BARD1_X11,BARD1_X11A,missense_variant,-0.31825,functionally_abnormal,L671Q,214728998:T,-0.4562188473007085,normal,L,Q,671,BRCT,3.5912
214729004,G,A,BARD1_X11,BARD1_X11A,missense_variant,-0.27798,functionally_abnormal,P669L,214729004:A,-0.4285862578512557,normal,P,L,669,BRCT,1.976
214729004,G,C,BARD1_X11,BARD1_X11A,missense_variant,-0.387345,functionally_abnormal,P669R,214729004:C,-0.163766028117188,normal,P,R,669,BRCT,1.9221
214729004,G,T,BARD1_X11,BARD1_X11A,missense_variant,-0.215298,functionally_abnormal,P669Q,214729004:T,-1.216875968915294,normal,P,Q,669,BRCT,1.9422
214729005,G,A,BARD1_X11,BARD1_X11A,missense_variant,-0.257636,functionally_abnormal,P669S,214729005:A,-0.3196739718581688,normal,P,S,669,BRCT,1.9215
214729005,G,C,BARD1_X11,BARD1_X11A,missense_variant,-0.079492,functionally_abnormal,P669A,214729005:C,-0.4819303019868575,normal,P,A,669,BRCT,1.8437
214729005,G,T,BARD1_X11,BARD1_X11A,missense_variant,-0.146785,functionally_abnormal,P669T,214729005:T,0.0312190302946911,normal,P,T,669,BRCT,2.2522
214730411,C,A,BARD1_X10,BARD1_X10B,splicing_variant,-0.186734,functionally_abnormal,L667L,214730411:A,-4.469201052923627,low,L,L,667,BRCT,0.0
214730411,C,G,BARD1_X10,BARD1_X10B,splicing_variant,-0.0810138,functionally_abnormal,L667L,214730411:G,-6.290305066409485,low,L,L,667,BRCT,0.0
214730411,C,T,BARD1_X10,BARD1_X10B,splicing_variant,-0.170491,functionally_abnormal,L667L,214730411:T,-2.82194032300218,low,L,L,667,BRCT,0.0
214730413,G,A,BARD1_X10,BARD1_X10B,splicing_variant,-0.101371,functionally_abnormal,L667L,214730413:A,-1.962119095998162,low,L,L,667,BRCT,0.0
214730412,A,G,BARD1_X10,BARD1_X10B,missense_variant,-0.181869,functionally_abnormal,L667P,214730412:G,0.0846742396169077,normal,L,P,667,BRCT,1.3157
214730413,G,C,BARD1_X10,BARD1_X10B,missense_variant,-0.128756,functionally_abnormal,L667V,214730413:C,-6.901920768686939,low,L,V,667,BRCT,0.8632
214730415,T,C,BARD1_X10,BARD1_X10B,missense_variant,-0.0728322,functionally_abnormal,Q666R,214730415:C,-0.8136134506417354,normal,Q,R,666,BRCT,0.0977
214730415,T,G,BARD1_X10,BARD1_X10B,missense_variant,-0.0744797,functionally_abnormal,Q666P,214730415:G,-0.2532410730130908,normal,Q,P,666,BRCT,2.0026
214730427,A,G,BARD1_X10,BARD1_X10B,missense_variant,-0.18989,functionally_abnormal,L662P,214730427:G,0.5117844751314194,normal,L,P,662,BRCT,2.5208
214730432,G,C,BARD1_X10,BARD1_X10A,missense_variant,-0.162206,functionally_abnormal,S660R,214730432:C,-0.1971466527750853,normal,S,R,660,BRCT,0.7578
214730432,G,T,BARD1_X10,BARD1_X10A,missense_variant,-0.222153,functionally_abnormal,S660R,214730432:T,-0.3389864679401352,normal,S,R,660,BRCT,0.7578
214730434,T,G,BARD1_X10,BARD1_X10A,missense_variant,-0.229873,functionally_abnormal,S660R,214730434:G,-0.4169523862951341,normal,S,R,660,BRCT,0.7578
214730433,C,A,BARD1_X10,BARD1_X10A,missense_variant,-0.24359,functionally_abnormal,S660I,214730433:A,0.1965464960395572,normal,S,I,660,BRCT,1.1668
214730433,C,G,BARD1_X10,BARD1_X10A,missense_variant,-0.127473,functionally_abnormal,S660T,214730433:G,0.07363540336419724,normal,S,T,660,BRCT,1.003
214730433,C,T,BARD1_X10,BARD1_X10A,missense_variant,-0.116186,functionally_abnormal,S660N,214730433:T,0.1585859403511738,normal,S,N,660,BRCT,1.319
214730442,G,A,BARD1_X10,BARD1_X10A,missense_variant,-0.242977,functionally_abnormal,P657L,214730442:A,0.5631589633847989,normal,P,L,657,BRCT,1.0037
214730442,G,C,BARD1_X10,BARD1_X10A,missense_variant,-0.260421,functionally_abnormal,P657R,214730442:C,0.1733338650223828,normal,P,R,657,BRCT,1.285
214730442,G,T,BARD1_X10,BARD1_X10A,missense_variant,-0.0771369,functionally_abnormal,P657Q,214730442:T,0.1531604578845994,normal,P,Q,657,BRCT,1.3185
214730445,C,T,BARD1_X10,BARD1_X10A,missense_variant,-0.143427,functionally_abnormal,G656D,214730445:T,0.3619877702770129,normal,G,D,656,BRCT,1.7803
214730460,T,C,BARD1_X10,BARD1_X10A,missense_variant,-0.2464,functionally_abnormal,Y651C,214730460:C,0.4145171995002556,normal,Y,C,651,BRCT,2.1389
214730460,T,G,BARD1_X10,BARD1_X10A,missense_variant,-0.276654,functionally_abnormal,Y651S,214730460:G,-0.1737176142646407,normal,Y,S,651,BRCT,2.9057
214730461,A,C,BARD1_X10,BARD1_X10A,missense_variant,-0.290758,functionally_abnormal,Y651D,214730461:C,-0.1989023890578673,normal,Y,D,651,BRCT,2.7616
214730461,A,T,BARD1_X10,BARD1_X10A,missense_variant,-0.193709,functionally_abnormal,Y651N,214730461:T,-0.4364111380755237,normal,Y,N,651,BRCT,2.4411
214730468,T,A,BARD1_X10,BARD1_X10A,missense_variant,-0.265958,functionally_abnormal,E648D,214730468:A,-0.1000044893848877,normal,E,D,648,BRCT,1.0023
214730468,T,G,BARD1_X10,BARD1_X10A,missense_variant,-0.331771,functionally_abnormal,E648D,214730468:G,-0.3310268861959015,normal,E,D,648,BRCT,1.0023
214730469,T,C,BARD1_X10,BARD1_X10A,missense_variant,-0.156879,functionally_abnormal,E648G,214730469:C,0.3071096975003387,normal,E,G,648,BRCT,0.8024
214730470,C,G,BARD1_X10,BARD1_X10A,missense_variant,-0.141747,functionally_abnormal,E648Q,214730470:G,-0.1132153305786158,normal,E,Q,648,BRCT,0.4321
214730470,C,T,BARD1_X10,BARD1_X10A,missense_variant,-0.272798,functionally_abnormal,E648K,214730470:T,-0.2574537943496298,normal,E,K,648,BRCT,0.7501
214730490,C,G,BARD1_X10,BARD1_X10A,missense_variant,-0.330089,functionally_abnormal,R641P,214730490:G,-0.2374877292012618,normal,R,P,641,BRCT,1.9585
214730493,A,C,BARD1_X10,BARD1_X10A,missense_variant,-0.107792,functionally_abnormal,L640R,214730493:C,-0.1984511578199269,normal,L,R,640,BRCT,1.9008
214730493,A,G,BARD1_X10,BARD1_X10A,missense_variant,-0.217236,functionally_abnormal,L640P,214730493:G,-0.5477944633753785,normal,L,P,640,BRCT,2.3741
214730493,A,T,BARD1_X10,BARD1_X10A,missense_variant,-0.219007,functionally_abnormal,L640Q,214730493:T,-0.2684534529984506,normal,L,Q,640,BRCT,2.0511
214730495,A,C,BARD1_X10,BARD1_X10A,missense_variant,-0.281348,functionally_abnormal,C639W,214730495:C,-0.6162142263112391,normal,C,W,639,BRCT,0.2253
214730496,C,A,BARD1_X10,BARD1_X10A,missense_variant,-0.245889,functionally_abnormal,C639F,214730496:A,-0.2968345474159504,normal,C,F,639,BRCT,0.0683
214730496,C,T,BARD1_X10,BARD1_X10A,missense_variant,-0.335502,functionally_abnormal,C639Y,214730496:T,-0.4253979456240163,normal,C,Y,639,BRCT,0.1945
214730497,A,G,BARD1_X10,BARD1_X10A,missense_variant,-0.329093,functionally_abnormal,C639R,214730497:G,-0.5984060930619921,normal,C,R,639,BRCT,0.6833
214730500,C,G,BARD1_X10,BARD1_X10A,missense_variant,-0.238261,functionally_abnormal,A638P,214730500:G,-0.9003400257502022,normal,A,P,638,BRCT,2.7236
214730505,A,C,BARD1_X10,BARD1_X10A,missense_variant,-0.284385,functionally_abnormal,V636G,214730505:C,-0.5618573016702864,normal,V,G,636,BRCT,2.3548
214730505,A,T,BARD1_X10,BARD1_X10A,missense_variant,-0.180504,functionally_abnormal,V636E,214730505:T,-0.780808451499388,normal,V,E,636,BRCT,2.9846
214730506,C,A,BARD1_X10,BARD1_X10A,missense_variant,-0.17895,functionally_abnormal,V636L,214730506:A,-0.5302491799137489,normal,V,L,636,BRCT,0.6183
214730506,C,G,BARD1_X10,BARD1_X10A,missense_variant,-0.13717,functionally_abnormal,V636L,214730506:G,-0.5068197543412478,normal,V,L,636,BRCT,0.6183
214730507,C,A,BARD1_X10,BARD1_X10A,missense_variant,-0.205224,functionally_abnormal,W635C,214730507:A,-0.4922372823220598,normal,W,C,635,BRCT,2.2575
214730507,C,G,BARD1_X10,BARD1_X10A,missense_variant,-0.260865,functionally_abnormal,W635C,214730507:G,-0.6813629636408461,normal,W,C,635,BRCT,2.2575
214730508,C,A,BARD1_X10,BARD1_X10A,missense_variant,-0.149648,functionally_abnormal,W635L,214730508:A,,,W,L,635,BRCT,2.4442
214730508,C,G,BARD1_X10,BARD1_X10A,missense_variant,-0.225523,functionally_abnormal,W635S,214730508:G,,,W,S,635,BRCT,2.9522
214745067,A,C,BARD1_X9,BARD1_X9B,missense_variant,-0.304551,functionally_abnormal,W635G,214745067:C,-1.070623321796445,normal,W,G,635,BRCT,2.8238
214745067,A,G,BARD1_X9,BARD1_X9B,missense_variant,-0.320057,functionally_abnormal,W635R,214745067:G,-1.040870515410248,normal,W,R,635,BRCT,2.6299
214745067,A,T,BARD1_X9,BARD1_X9B,missense_variant,-0.362763,functionally_abnormal,W635R,214745067:T,-1.354608771180954,low,W,R,635,BRCT,2.6299
214745069,T,A,BARD1_X9,BARD1_X9B,missense_variant,-0.172561,functionally_abnormal,E634V,214745069:A,-0.7533266349098408,normal,E,V,634,BRCT,0.9859
214745071,A,C,BARD1_X9,BARD1_X9B,missense_variant,-0.407118,functionally_abnormal,F633L,214745071:C,-0.9237411860685896,normal,F,L,633,BRCT,1.0998
214745071,A,T,BARD1_X9,BARD1_X9B,missense_variant,-0.351532,functionally_abnormal,F633L,214745071:T,-0.5740024780833188,normal,F,L,633,BRCT,1.0998
214745073,A,G,BARD1_X9,BARD1_X9B,missense_variant,-0.289709,functionally_abnormal,F633L,214745073:G,-0.3748668375264893,normal,F,L,633,BRCT,1.0998
214745072,A,C,BARD1_X9,BARD1_X9B,missense_variant,-0.368818,functionally_abnormal,F633C,214745072:C,-0.5595991276730644,normal,F,C,633,BRCT,1.0787
214745072,A,G,BARD1_X9,BARD1_X9B,missense_variant,-0.302193,functionally_abnormal,F633S,214745072:G,-0.7409703637599913,normal,F,S,633,BRCT,2.1833
214745073,A,C,BARD1_X9,BARD1_X9B,missense_variant,-0.316129,functionally_abnormal,F633V,214745073:C,-0.5127141339075605,normal,F,V,633,BRCT,1.5051
214745073,A,T,BARD1_X9,BARD1_X9B,missense_variant,-0.101026,functionally_abnormal,F633I,214745073:T,-0.0966021698954042,normal,F,I,633,BRCT,1.4292
214745075,T,A,BARD1_X9,BARD1_X9B,missense_variant,-0.240094,functionally_abnormal,K632I,214745075:A,0.5475754478529018,normal,K,I,632,BRCT,0.7845
214745078,A,C,BARD1_X9,BARD1_X9B,missense_variant,-0.427198,functionally_abnormal,L631R,214745078:C,-0.806670070038608,normal,L,R,631,BRCT,2.4914
214745078,A,G,BARD1_X9,BARD1_X9B,missense_variant,-0.288856,functionally_abnormal,L631P,214745078:G,-0.6506123183176769,normal,L,P,631,BRCT,3.4349
214745078,A,T,BARD1_X9,BARD1_X9B,missense_variant,-0.22631,functionally_abnormal,L631Q,214745078:T,-0.4526272001542322,normal,L,Q,631,BRCT,2.9707
214745081,A,C,BARD1_X9,BARD1_X9B,missense_variant,-0.334437,functionally_abnormal,I630S,214745081:C,-0.5568724672207678,normal,I,S,630,BRCT,2.4798
214745081,A,G,BARD1_X9,BARD1_X9B,missense_variant,-0.0909219,functionally_abnormal,I630T,214745081:G,-0.6342214780889445,normal,I,T,630,BRCT,2.0454
214745081,A,T,BARD1_X9,BARD1_X9B,missense_variant,-0.244352,functionally_abnormal,I630N,214745081:T,-1.050596160173905,normal,I,N,630,BRCT,2.8109
214745083,C,A,BARD1_X9,BARD1_X9B,missense_variant,-0.136736,functionally_abnormal,W629C,214745083:A,-0.7143602150364324,normal,W,C,629,BRCT,0.506
214745083,C,G,BARD1_X9,BARD1_X9B,missense_variant,-0.166124,functionally_abnormal,W629C,214745083:G,-0.9968223869472262,normal,W,C,629,BRCT,0.506
214745084,C,A,BARD1_X9,BARD1_X9B,missense_variant,-0.145552,functionally_abnormal,W629L,214745084:A,-0.7493149954056326,normal,W,L,629,BRCT,1.1253
214745084,C,G,BARD1_X9,BARD1_X9B,missense_variant,-0.330501,functionally_abnormal,W629S,214745084:G,-0.5870917760618513,normal,W,S,629,BRCT,0.8296
214745085,A,C,BARD1_X9,BARD1_X9B,missense_variant,-0.442572,functionally_abnormal,W629G,214745085:C,-1.190287688788031,normal,W,G,629,BRCT,1.5998
214745086,G,C,BARD1_X9,BARD1_X9B,missense_variant,-0.345195,functionally_abnormal,C628W,214745086:C,-0.7847228639204252,normal,C,W,628,BRCT,1.4005
214745087,C,A,BARD1_X9,BARD1_X9B,missense_variant,-0.247744,functionally_abnormal,C628F,214745087:A,-0.4186226069363779,normal,C,F,628,BRCT,0.6531
214745087,C,T,BARD1_X9,BARD1_X9B,missense_variant,-0.205649,functionally_abnormal,C628Y,214745087:T,-0.1636660412185711,normal,C,Y,628,BRCT,0.9932
214745088,A,C,BARD1_X9,BARD1_X9B,missense_variant,-0.236647,functionally_abnormal,C628G,214745088:C,-0.652316528964454,normal,C,G,628,BRCT,0.3489
214745090,C,A,BARD1_X9,BARD1_X9B,missense_variant,-0.218507,functionally_abnormal,G627V,214745090:A,-0.7417987580783935,normal,G,V,627,BRCT,2.7239
214745090,C,T,BARD1_X9,BARD1_X9B,missense_variant,-0.332375,functionally_abnormal,G627E,214745090:T,-0.0689710509182133,normal,G,E,627,BRCT,3.0017
214745091,C,G,BARD1_X9,BARD1_X9B,missense_variant,-0.491148,functionally_abnormal,G627R,214745091:G,-0.8653351890578408,normal,G,R,627,BRCT,2.7021
214745091,C,T,BARD1_X9,BARD1_X9B,missense_variant,-0.327748,functionally_abnormal,G627R,214745091:T,-0.4398689692826628,normal,G,R,627,BRCT,2.7021
214745093,T,A,BARD1_X9,BARD1_X9B,missense_variant,-0.306002,functionally_abnormal,N626I,214745093:A,-0.0835716125945595,normal,N,I,626,BRCT,1.3185
214745096,A,C,BARD1_X9,BARD1_X9B,missense_variant,-0.42865,functionally_abnormal,L625R,214745096:C,-0.5777811595989247,normal,L,R,625,BRCT,2.8152
214745096,A,G,BARD1_X9,BARD1_X9B,missense_variant,-0.22704,functionally_abnormal,L625P,214745096:G,-0.2376500223067731,normal,L,P,625,BRCT,3.1099
214745096,A,T,BARD1_X9,BARD1_X9B,missense_variant,-0.11011,functionally_abnormal,L625H,214745096:T,-0.3690799728069012,normal,L,H,625,BRCT,2.8513
214745099,A,C,BARD1_X9,BARD1_X9B,missense_variant,-0.118974,functionally_abnormal,I624S,214745099:C,0.1928801732822687,normal,I,S,624,BRCT,1.9275
214745099,A,T,BARD1_X9,BARD1_X9B,missense_variant,-0.33302,functionally_abnormal,I624N,214745099:T,0.1523160313058636,normal,I,N,624,BRCT,1.802
214745100,T,A,BARD1_X9,BARD1_X9B,missense_variant,-0.329604,functionally_abnormal,I624F,214745100:A,-0.3510052254198199,normal,I,F,624,BRCT,1.3496
214745102,C,A,BARD1_X9,BARD1_X9B,missense_variant,-0.272844,functionally_abnormal,G623V,214745102:A,-0.8015023946983619,normal,G,V,623,BRCT,1.0905
214745102,C,T,BARD1_X9,BARD1_X9B,missense_variant,-0.418066,functionally_abnormal,G623E,214745102:T,0.2198349737944406,normal,G,E,623,BRCT,2.1548
214745103,C,A,BARD1_X9,BARD1_X9A,missense_variant,-0.195029,functionally_abnormal,G623W,214745103:A,-0.02420589195424945,normal,G,W,623,BRCT,1.0629
214745103,C,G,BARD1_X9,BARD1_X9A,missense_variant,-0.2892,functionally_abnormal,G623R,214745103:G,-0.5880024489468384,normal,G,R,623,BRCT,1.7843
214745103,C,T,BARD1_X9,BARD1_X9A,missense_variant,-0.27668,functionally_abnormal,G623R,214745103:T,-0.4651428623421628,normal,G,R,623,BRCT,1.7843
214745105,A,G,BARD1_X9,BARD1_X9A,missense_variant,-0.229914,functionally_abnormal,L622P,214745105:G,-0.1210485992982219,normal,L,P,622,BRCT,3.2454
214745108,A,C,BARD1_X9,BARD1_X9A,missense_variant,-0.068524,functionally_abnormal,M621R,214745108:C,0.263423223865258,normal,M,R,621,BRCT,2.0268
214745140,A,T,BARD1_X9,BARD1_X9A,synonymous_variant,-0.262962,functionally_abnormal,P610P,214745140:T,-3.725356827794703,low,P,P,610,BRCT,0.0
214745141,G,A,BARD1_X9,BARD1_X9A,missense_variant,-0.0995831,functionally_abnormal,P610L,214745141:A,-0.2645152743714321,normal,P,L,610,BRCT,0.8658
214745144,A,C,BARD1_X9,BARD1_X9A,missense_variant,-0.192924,functionally_abnormal,V609G,214745144:C,-0.1192167478554055,normal,V,G,609,BRCT,2.9285
214745144,A,T,BARD1_X9,BARD1_X9A,missense_variant,-0.240416,functionally_abnormal,V609D,214745144:T,-0.6724630704797816,normal,V,D,609,BRCT,3.2242
214745145,C,A,BARD1_X9,BARD1_X9A,missense_variant,-0.0928136,functionally_abnormal,V609F,214745145:A,-0.1233539718451809,normal,V,F,609,BRCT,2.0652
214745147,A,C,BARD1_X9,BARD1_X9A,missense_variant,-0.258195,functionally_abnormal,V608G,214745147:C,-0.1246128489932461,normal,V,G,608,BRCT,3.2861
214745147,A,G,BARD1_X9,BARD1_X9A,missense_variant,-0.235968,functionally_abnormal,V608A,214745147:G,-0.4150164906356524,normal,V,A,608,BRCT,2.61
214745147,A,T,BARD1_X9,BARD1_X9A,missense_variant,-0.276793,functionally_abnormal,V608D,214745147:T,-0.6617353010722321,normal,V,D,608,BRCT,3.4019
214745148,C,A,BARD1_X9,BARD1_X9A,missense_variant,-0.238525,functionally_abnormal,V608F,214745148:A,-0.548742014673274,normal,V,F,608,BRCT,1.2961
214745150,A,C,BARD1_X9,BARD1_X9A,missense_variant,-0.273426,functionally_abnormal,V607G,214745150:C,-1.017099261211059,normal,V,G,607,BRCT,2.8593
214745150,A,G,BARD1_X9,BARD1_X9A,missense_variant,-0.215182,functionally_abnormal,V607A,214745150:G,-0.4515116518827804,normal,V,A,607,BRCT,2.2459
214745150,A,T,BARD1_X9,BARD1_X9A,missense_variant,-0.273363,functionally_abnormal,V607D,214745150:T,-0.8500731635717662,normal,V,D,607,BRCT,3.1663
214745152,A,C,BARD1_X9,BARD1_X9A,missense_variant,-0.206437,functionally_abnormal,H606Q,214745152:C,-0.7892364810942664,normal,H,Q,606,BRCT,1.2496
214745152,A,T,BARD1_X9,BARD1_X9A,missense_variant,-0.270999,functionally_abnormal,H606Q,214745152:T,-0.7156913279449338,normal,H,Q,606,BRCT,1.2496
214745153,T,A,BARD1_X9,BARD1_X9A,missense_variant,-0.225433,functionally_abnormal,H606L,214745153:A,-0.407100255682019,normal,H,L,606,BRCT,-0.1013
214745153,T,C,BARD1_X9,BARD1_X9A,missense_variant,-0.262422,functionally_abnormal,H606R,214745153:C,-0.522877702481545,normal,H,R,606,BRCT,0.6506
214745153,T,G,BARD1_X9,BARD1_X9A,missense_variant,-0.265614,functionally_abnormal,H606P,214745153:G,-0.5796946914256139,normal,H,P,606,BRCT,1.4181
214745154,G,A,BARD1_X9,BARD1_X9A,missense_variant,-0.275343,functionally_abnormal,H606Y,214745154:A,-0.9893924937896614,normal,H,Y,606,BRCT,-0.3968
214745154,G,C,BARD1_X9,BARD1_X9A,missense_variant,-0.312176,functionally_abnormal,H606D,214745154:C,-0.5011043090972862,normal,H,D,606,BRCT,2.6152
214745154,G,T,BARD1_X9,BARD1_X9A,missense_variant,-0.222325,functionally_abnormal,H606N,214745154:T,-0.1825326328936725,normal,H,N,606,BRCT,1.2557
214745156,G,A,BARD1_X9,BARD1_X9A,missense_variant,-0.317898,functionally_abnormal,T605I,214745156:A,-0.5746614213521711,normal,T,I,605,BRCT,2.9866
214745156,G,T,BARD1_X9,BARD1_X9A,missense_variant,-0.276512,functionally_abnormal,T605N,214745156:T,-0.4041210228913073,normal,T,N,605,BRCT,1.5992
214745157,T,C,BARD1_X9,BARD1_X9A,missense_variant,-0.294069,functionally_abnormal,T605A,214745157:C,-1.132339498008033,normal,T,A,605,BRCT,2.7263
214745157,T,G,BARD1_X9,BARD1_X9A,missense_variant,-0.296149,functionally_abnormal,T605P,214745157:G,-0.8354827249980128,normal,T,P,605,BRCT,3.0473
214745159,A,C,BARD1_X9,BARD1_X9A,missense_variant,-0.169672,functionally_abnormal,V604G,214745159:C,,,V,G,604,BRCT,2.2253
214745159,A,T,BARD1_X9,BARD1_X9A,missense_variant,-0.21008,functionally_abnormal,V604E,214745159:T,,,V,E,604,BRCT,2.6751
214745722,C,A,BARD1_X8,BARD1_X8B,missense_variant,-0.270911,functionally_abnormal,V604L,214745722:A,-1.700804997665633,low,V,L,604,BRCT,1.3637
214745722,C,G,BARD1_X8,BARD1_X8B,missense_variant,-0.256255,functionally_abnormal,V604L,214745722:G,-1.709538480705582,low,V,L,604,BRCT,1.3637
214745722,C,T,BARD1_X8,BARD1_X8B,missense_variant,-0.201828,functionally_abnormal,V604I,214745722:T,-2.931447019749757,low,V,I,604,BRCT,0.6862
214745733,A,C,BARD1_X8,BARD1_X8B,missense_variant,-0.0616402,functionally_abnormal,F600C,214745733:C,0.054423063844201,normal,F,C,600,BRCT,1.2347
214745733,A,G,BARD1_X8,BARD1_X8B,missense_variant,-0.0802412,functionally_abnormal,F600S,214745733:G,-0.175290644994998,normal,F,S,600,BRCT,2.0479
214745751,G,T,BARD1_X8,BARD1_X8B,missense_variant,-0.262042,functionally_abnormal,A594D,214745751:T,-0.0268361639480727,normal,A,D,594,BRCT,1.697
214745752,C,G,BARD1_X8,BARD1_X8B,missense_variant,-0.288527,functionally_abnormal,A594P,214745752:G,0.199611622085061,normal,A,P,594,BRCT,1.8311
214745767,C,G,BARD1_X8,BARD1_X8B,missense_variant,-0.28734,functionally_abnormal,A589P,214745767:G,0.4656226232427125,normal,A,P,589,BRCT,2.3874
214745769,A,C,BARD1_X8,BARD1_X8B,missense_variant,-0.205262,functionally_abnormal,L588R,214745769:C,-0.1423712106110626,normal,L,R,588,BRCT,2.5826
214745769,A,G,BARD1_X8,BARD1_X8B,missense_variant,-0.248008,functionally_abnormal,L588P,214745769:G,-0.0510874784934485,normal,L,P,588,BRCT,2.8164
214745769,A,T,BARD1_X8,BARD1_X8B,missense_variant,-0.243137,functionally_abnormal,L588H,214745769:T,0.2072855499704822,normal,L,H,588,BRCT,2.2994
214745770,G,A,BARD1_X8,BARD1_X8B,missense_variant,-0.0654018,functionally_abnormal,L588F,214745770:A,0.5107347215169791,normal,L,F,588,BRCT,0.8169
214745778,A,C,BARD1_X8,BARD1_X8A,missense_variant,-0.22367,functionally_abnormal,L585R,214745778:C,0.2551635837099259,normal,L,R,585,BRCT,3.325
214745778,A,G,BARD1_X8,BARD1_X8A,missense_variant,-0.233559,functionally_abnormal,L585P,214745778:G,0.05676446568557264,normal,L,P,585,BRCT,3.2822
214745778,A,T,BARD1_X8,BARD1_X8A,missense_variant,-0.314357,functionally_abnormal,L585H,214745778:T,-0.1466387202128966,normal,L,H,585,BRCT,3.448
214745787,T,G,BARD1_X8,BARD1_X8A,missense_variant,-0.430693,functionally_abnormal,Q582P,214745787:G,0.7432996213607715,normal,Q,P,582,BRCT,2.0185
214745790,T,A,BARD1_X8,BARD1_X8A,missense_variant,-0.188163,functionally_abnormal,Q581L,214745790:A,0.02275893447052668,normal,Q,L,581,BRCT,0.5986
214745790,T,C,BARD1_X8,BARD1_X8A,missense_variant,-0.158839,functionally_abnormal,Q581R,214745790:C,0.5872403135345358,normal,Q,R,581,BRCT,1.8383
214745790,T,G,BARD1_X8,BARD1_X8A,missense_variant,-0.515357,functionally_abnormal,Q581P,214745790:G,0.08216431877583825,normal,Q,P,581,BRCT,2.7486
214745794,C,G,BARD1_X8,BARD1_X8A,missense_variant,-0.0628212,functionally_abnormal,E580Q,214745794:G,0.6659891289622701,normal,E,Q,580,BRCT,0.3175
214745799,G,A,BARD1_X8,BARD1_X8A,missense_variant,-0.0872193,functionally_abnormal,S578F,214745799:A,0.0116729602182291,normal,S,F,578,BRCT,1.2537
214745799,G,T,BARD1_X8,BARD1_X8A,missense_variant,-0.0965279,functionally_abnormal,S578Y,214745799:T,0.1015032765552773,normal,S,Y,578,BRCT,1.3137
214745800,A,G,BARD1_X8,BARD1_X8A,missense_variant,-0.16886,functionally_abnormal,S578P,214745800:G,0.7713847944289154,normal,S,P,578,BRCT,1.3898
214745802,A,C,BARD1_X8,BARD1_X8A,missense_variant,-0.232577,functionally_abnormal,L577R,214745802:C,-0.7648668862745049,normal,L,R,577,BRCT,2.4368
214745802,A,G,BARD1_X8,BARD1_X8A,missense_variant,-0.143855,functionally_abnormal,L577P,214745802:G,-0.4436330167969723,normal,L,P,577,BRCT,2.2487
214745802,A,T,BARD1_X8,BARD1_X8A,missense_variant,-0.243314,functionally_abnormal,L577Q,214745802:T,0.1898754734633406,normal,L,Q,577,BRCT,2.3076
214745803,G,C,BARD1_X8,BARD1_X8A,missense_variant,-0.139656,functionally_abnormal,L577V,214745803:C,0.4440480343108246,normal,L,V,577,BRCT,1.3611
214745803,G,T,BARD1_X8,BARD1_X8A,missense_variant,-0.0701209,functionally_abnormal,L577M,214745803:T,0.1426688355219458,normal,L,M,577,BRCT,1.0851
214745807,A,C,BARD1_X8,BARD1_X8A,missense_variant,-0.25032,functionally_abnormal,S575R,214745807:C,0.4581751130813153,normal,S,R,575,BRCT,1.9442
214745807,A,T,BARD1_X8,BARD1_X8A,missense_variant,-0.220719,functionally_abnormal,S575R,214745807:T,-0.1646906763716479,normal,S,R,575,BRCT,1.9442
214745809,T,G,BARD1_X8,BARD1_X8A,missense_variant,-0.220478,functionally_abnormal,S575R,214745809:G,0.0605811746399534,normal,S,R,575,BRCT,1.9442
214745811,C,A,BARD1_X8,BARD1_X8A,missense_variant,-0.172936,functionally_abnormal,G574V,214745811:A,-0.4378257258698325,normal,G,V,574,BRCT,0.8496
214745812,C,A,BARD1_X8,BARD1_X8A,missense_variant,-0.200139,functionally_abnormal,G574C,214745812:A,-0.1393704350813453,normal,G,C,574,BRCT,0.48
214745812,C,G,BARD1_X8,BARD1_X8A,missense_variant,-0.260216,functionally_abnormal,G574R,214745812:G,-0.1563945009017345,normal,G,R,574,BRCT,1.8241
214745814,A,C,BARD1_X8,BARD1_X8A,missense_variant,-0.22147,functionally_abnormal,I573R,214745814:C,0.3324809061302938,normal,I,R,573,BRCT,2.328
214745814,A,T,BARD1_X8,BARD1_X8A,missense_variant,-0.339665,functionally_abnormal,I573K,214745814:T,0.223548269990741,normal,I,K,573,BRCT,2.4558
214745817,A,C,BARD1_X8,BARD1_X8A,missense_variant,-0.416062,functionally_abnormal,L572R,214745817:C,-0.7122753857520827,normal,L,R,572,BRCT,2.5947
214745817,A,G,BARD1_X8,BARD1_X8A,missense_variant,-0.188505,functionally_abnormal,L572P,214745817:G,0.1146125089578802,normal,L,P,572,BRCT,2.5225
214745817,A,T,BARD1_X8,BARD1_X8A,missense_variant,-0.167596,functionally_abnormal,L572H,214745817:T,0.4970811453771492,normal,L,H,572,BRCT,2.3225
214745820,A,T,BARD1_X8,BARD1_X8A,missense_variant,-0.319829,functionally_abnormal,V571E,214745820:T,0.4161183176429922,normal,V,E,571,BRCT,1.3772
214745821,C,A,BARD1_X8,BARD1_X8A,missense_variant,-0.183855,functionally_abnormal,V571L,214745821:A,0.2335734891070464,normal,V,L,571,BRCT,0.4172
214745821,C,G,BARD1_X8,BARD1_X8A,missense_variant,-0.14122,functionally_abnormal,V571L,214745821:G,0.2807728308567594,normal,V,L,571,BRCT,0.4172
214752491,G,C,BARD1_X7,BARD1_X7A,missense_variant,-0.0799364,functionally_abnormal,L545V,214752491:C,0.023902666263821,normal,L,V,545,ARD,0.1115
214752507,C,G,BARD1_X7,BARD1_X7A,missense_variant,-0.0883381,functionally_abnormal,M539I,214752507:G,-0.2030128902283525,normal,M,I,539,ARD,0.1721
214752535,G,A,BARD1_X7,BARD1_X7A,missense_variant,-0.127331,functionally_abnormal,P530L,214752535:A,0.1533226643247447,normal,P,L,530,ARD,0.9363
214752535,G,C,BARD1_X7,BARD1_X7A,missense_variant,-0.17055,functionally_abnormal,P530R,214752535:C,0.1584511142086055,normal,P,R,530,ARD,1.8063
214752535,G,T,BARD1_X7,BARD1_X7A,missense_variant,-0.0998654,functionally_abnormal,P530H,214752535:T,0.0153829552969264,normal,P,H,530,ARD,1.8448
214752541,A,G,BARD1_X7,BARD1_X7A,missense_variant,-0.125529,functionally_abnormal,L528P,214752541:G,-0.4539006168188467,normal,L,P,528,ARD,2.7639
214752544,C,A,BARD1_X7,BARD1_X7A,missense_variant,-0.15491,functionally_abnormal,G527V,214752544:A,-0.1704381869991217,normal,G,V,527,ARD,2.2604
214752552,A,C,BARD1_X7,BARD1_X7A,missense_variant,-0.158079,functionally_abnormal,N524K,214752552:C,-0.5267763126723152,normal,N,K,524,ARD,1.8705
214752552,A,T,BARD1_X7,BARD1_X7A,missense_variant,-0.147949,functionally_abnormal,N524K,214752552:T,-0.4939074061638846,normal,N,K,524,ARD,1.8705
214752553,T,A,BARD1_X7,BARD1_X7A,missense_variant,-0.132884,functionally_abnormal,N524I,214752553:A,-0.5894962634641451,normal,N,I,524,ARD,2.2167
214752554,T,A,BARD1_X7,BARD1_X7A,missense_variant,-0.129489,functionally_abnormal,N524Y,214752554:A,0.3489468997672269,normal,N,Y,524,ARD,1.9891
214752554,T,G,BARD1_X7,BARD1_X7A,missense_variant,-0.0870265,functionally_abnormal,N524H,214752554:G,-0.6132555198382618,normal,N,H,524,ARD,1.3328
214767485,G,C,BARD1_X6,BARD1_X6C,missense_variant,-0.168949,functionally_abnormal,A522G,214767485:C,-2.234428756743626,low,A,G,522,ARD,0.8325
214767497,G,T,BARD1_X6,BARD1_X6C,missense_variant,-0.140807,functionally_abnormal,A518D,214767497:T,-0.1203617565501329,normal,A,D,518,ARD,3.1224
214767498,C,G,BARD1_X6,BARD1_X6C,missense_variant,-0.17255,functionally_abnormal,A518P,214767498:G,-0.2250950459253455,normal,A,P,518,ARD,2.9271
214767500,C,A,BARD1_X6,BARD1_X6C,missense_variant,-0.18249,functionally_abnormal,G517V,214767500:A,-0.026090285844789,normal,G,V,517,ARD,1.5258
214767509,A,G,BARD1_X6,BARD1_X6B,missense_variant,-0.265238,functionally_abnormal,L514P,214767509:G,0.07624111454044386,normal,L,P,514,ARD,3.0639
214767511,T,A,BARD1_X6,BARD1_X6B,missense_variant,-0.221623,functionally_abnormal,L513F,214767511:A,0.7806944913126764,normal,L,F,513,ARD,2.1082
214767511,T,G,BARD1_X6,BARD1_X6B,missense_variant,-0.317461,functionally_abnormal,L513F,214767511:G,0.1319745801615334,normal,L,F,513,ARD,2.1082
214767512,A,G,BARD1_X6,BARD1_X6B,missense_variant,-0.267001,functionally_abnormal,L513S,214767512:G,0.01345312556893675,normal,L,S,513,ARD,3.4387
214767515,A,G,BARD1_X6,BARD1_X6B,missense_variant,-0.10745,functionally_abnormal,L512P,214767515:G,0.08812028109195424,normal,L,P,512,ARD,2.4682
214767521,A,T,BARD1_X6,BARD1_X6B,missense_variant,-0.287004,functionally_abnormal,V510D,214767521:T,-0.3010702482985387,normal,V,D,510,ARD,3.4063
214767524,A,C,BARD1_X6,BARD1_X6B,missense_variant,-0.226932,functionally_abnormal,I509R,214767524:C,-0.08067992950400295,normal,I,R,509,ARD,2.2633
214767524,A,T,BARD1_X6,BARD1_X6B,missense_variant,-0.237326,functionally_abnormal,I509K,214767524:T,0.4172736614249458,normal,I,K,509,ARD,2.2852
214767548,G,T,BARD1_X6,BARD1_X6B,missense_variant,-0.258492,functionally_abnormal,A501E,214767548:T,0.177936132104371,normal,A,E,501,ARD,2.7772
214767549,C,G,BARD1_X6,BARD1_X6B,missense_variant,-0.242682,functionally_abnormal,A501P,214767549:G,0.007581154157441705,normal,A,P,501,ARD,2.7681
214767551,T,G,BARD1_X6,BARD1_X6B,missense_variant,-0.0882146,functionally_abnormal,D500A,214767551:G,-0.041500397655708,normal,D,A,500,ARD,0.0612
214767552,C,A,BARD1_X6,BARD1_X6B,missense_variant,-0.134238,functionally_abnormal,D500Y,214767552:A,-0.0497613565303225,normal,D,Y,500,ARD,-0.9363
214767552,C,G,BARD1_X6,BARD1_X6B,missense_variant,-0.140487,functionally_abnormal,D500H,214767552:G,-0.0266794567800202,normal,D,H,500,ARD,-0.9236
214767552,C,T,BARD1_X6,BARD1_X6B,missense_variant,-0.0911837,functionally_abnormal,D500N,214767552:T,0.0983578422318637,normal,D,N,500,ARD,-0.0928
214767553,G,C,BARD1_X6,BARD1_X6B,missense_variant,-0.125766,functionally_abnormal,H499Q,214767553:C,-0.3177147576050684,normal,H,Q,499,ARD,0.8873
214767553,G,T,BARD1_X6,BARD1_X6B,missense_variant,-0.124011,functionally_abnormal,H499Q,214767553:T,-0.2020370911058572,normal,H,Q,499,ARD,0.8873
214767554,T,A,BARD1_X6,BARD1_X6B,missense_variant,-0.0896443,functionally_abnormal,H499L,214767554:A,0.0128004294791745,normal,H,L,499,ARD,2.0694
214767554,T,C,BARD1_X6,BARD1_X6B,missense_variant,-0.208302,functionally_abnormal,H499R,214767554:C,0.2616650132918737,normal,H,R,499,ARD,0.932
214767554,T,G,BARD1_X6,BARD1_X6B,missense_variant,-0.356597,functionally_abnormal,H499P,214767554:G,-0.2502528855997725,normal,H,P,499,ARD,1.1643
214767555,G,A,BARD1_X6,BARD1_X6B,missense_variant,-0.190218,functionally_abnormal,H499Y,214767555:A,0.0463827697228675,normal,H,Y,499,ARD,0.6787
214767555,G,C,BARD1_X6,BARD1_X6B,missense_variant,-0.200676,functionally_abnormal,H499D,214767555:C,0.3696705812602436,normal,H,D,499,ARD,2.8383
214767555,G,T,BARD1_X6,BARD1_X6B,missense_variant,-0.15038,functionally_abnormal,H499N,214767555:T,0.3241856908969392,normal,H,N,499,ARD,1.2825
214767557,A,C,BARD1_X6,BARD1_X6B,missense_variant,-0.134353,functionally_abnormal,L498R,214767557:C,-0.1047169454579193,normal,L,R,498,ARD,3.3614
214767557,A,G,BARD1_X6,BARD1_X6B,missense_variant,-0.235952,functionally_abnormal,L498P,214767557:G,0.0127981475091423,normal,L,P,498,ARD,3.4021
214767557,A,T,BARD1_X6,BARD1_X6B,missense_variant,-0.245985,functionally_abnormal,L498H,214767557:T,-0.0395764507944621,normal,L,H,498,ARD,3.34
214767558,G,A,BARD1_X6,BARD1_X6B,missense_variant,-0.159737,functionally_abnormal,L498F,214767558:A,0.2206627691884618,normal,L,F,498,ARD,1.6013
214767560,G,A,BARD1_X6,BARD1_X6B,missense_variant,-0.137152,functionally_abnormal,P497L,214767560:A,-0.053278634239732,normal,P,L,497,ARD,1.3392
214767560,G,C,BARD1_X6,BARD1_X6B,missense_variant,-0.350317,functionally_abnormal,P497R,214767560:C,0.2192870440096702,normal,P,R,497,ARD,1.8954
214767560,G,T,BARD1_X6,BARD1_X6B,missense_variant,-0.0892961,functionally_abnormal,P497Q,214767560:T,-0.2236039640279785,normal,P,Q,497,ARD,1.8456
214767564,A,G,BARD1_X6,BARD1_X6B,missense_variant,-0.251001,functionally_abnormal,S496P,214767564:G,0.0900698709062772,normal,S,P,496,ARD,0.9944
214767568,A,C,BARD1_X6,BARD1_X6B,missense_variant,-0.104328,functionally_abnormal,N494K,214767568:C,0.0728654205376502,normal,N,K,494,ARD,0.1146
214767568,A,T,BARD1_X6,BARD1_X6B,missense_variant,-0.130283,functionally_abnormal,N494K,214767568:T,-0.1035862750066491,normal,N,K,494,ARD,0.1146
214767569,T,A,BARD1_X6,BARD1_X6B,missense_variant,-0.195179,functionally_abnormal,N494I,214767569:A,-0.2352995452376057,normal,N,I,494,ARD,1.0868
214767569,T,G,BARD1_X6,BARD1_X6B,missense_variant,-0.127269,functionally_abnormal,N494T,214767569:G,-0.1265305919086544,normal,N,T,494,ARD,0.8105
214767570,T,A,BARD1_X6,BARD1_X6B,missense_variant,-0.075036,functionally_abnormal,N494Y,214767570:A,0.00230388807532,normal,N,Y,494,ARD,0.2322
214767570,T,C,BARD1_X6,BARD1_X6B,missense_variant,-0.146773,functionally_abnormal,N494D,214767570:C,-0.2910616088857392,normal,N,D,494,ARD,0.4565
214767572,T,G,BARD1_X6,BARD1_X6B,missense_variant,-0.291101,functionally_abnormal,Q493P,214767572:G,-0.013734468950504,normal,Q,P,493,ARD,1.9149
214767578,C,A,BARD1_X6,BARD1_X6B,missense_variant,-0.238948,functionally_abnormal,G491V,214767578:A,0.0223324044778958,normal,G,V,491,ARD,2.816
214767578,C,T,BARD1_X6,BARD1_X6B,missense_variant,-0.19813,functionally_abnormal,G491E,214767578:T,0.0443841851104182,normal,G,E,491,ARD,2.9218
214767579,C,A,BARD1_X6,BARD1_X6A,missense_variant,-0.149185,functionally_abnormal,G491W,214767579:A,-0.6901482668375936,normal,G,W,491,ARD,2.5277
214767579,C,G,BARD1_X6,BARD1_X6A,missense_variant,-0.15885,functionally_abnormal,G491R,214767579:G,0.0958917919411616,normal,G,R,491,ARD,2.6949
214767579,C,T,BARD1_X6,BARD1_X6A,missense_variant,-0.164905,functionally_abnormal,G491R,214767579:T,0.06621446849923279,normal,G,R,491,ARD,2.6949
214767581,G,T,BARD1_X6,BARD1_X6A,missense_variant,-0.0655844,functionally_abnormal,T490N,214767581:T,-0.00377954973450215,normal,T,N,490,ARD,0.5398
214767590,A,C,BARD1_X6,BARD1_X6A,missense_variant,-0.0707449,functionally_abnormal,V487G,214767590:C,0.1229378438154145,normal,V,G,487,ARD,2.5471
214767590,A,T,BARD1_X6,BARD1_X6A,missense_variant,-0.0786068,functionally_abnormal,V487E,214767590:T,-0.0573204807351235,normal,V,E,487,ARD,2.6321
214767596,G,T,BARD1_X6,BARD1_X6A,missense_variant,-0.250061,functionally_abnormal,A485E,214767596:T,-0.2982201978822908,normal,A,E,485,ARD,2.9185
214767597,C,G,BARD1_X6,BARD1_X6A,missense_variant,-0.0845849,functionally_abnormal,A485P,214767597:G,0.0914911782865499,normal,A,P,485,ARD,3.0857
214767602,T,A,BARD1_X6,BARD1_X6A,missense_variant,-0.107803,functionally_abnormal,H483L,214767602:A,0.2250004029905845,normal,H,L,483,ARD,1.0598
214767602,T,G,BARD1_X6,BARD1_X6A,missense_variant,-0.245445,functionally_abnormal,H483P,214767602:G,-0.2490374331571339,normal,H,P,483,ARD,2.5441
214767605,T,G,BARD1_X6,BARD1_X6A,missense_variant,-0.0935786,functionally_abnormal,Q482P,214767605:G,0.5487108236865499,normal,Q,P,482,ARD,2.2036
214767611,A,C,BARD1_X6,BARD1_X6A,missense_variant,-0.278733,functionally_abnormal,L480W,214767611:C,-0.1135077009430712,normal,L,W,480,ARD,2.4407
214767611,A,G,BARD1_X6,BARD1_X6A,missense_variant,-0.227834,functionally_abnormal,L480S,214767611:G,0.1275973959184827,normal,L,S,480,ARD,3.4888
214767612,A,C,BARD1_X6,BARD1_X6A,missense_variant,-0.0917859,functionally_abnormal,L480V,214767612:C,0.0456183164751196,normal,L,V,480,ARD,2.3827
214767617,T,C,BARD1_X6,BARD1_X6A,missense_variant,-0.217973,functionally_abnormal,E478G,214767617:C,0.0017685842090688,normal,E,G,478,ARD,0.6848
214767623,A,T,BARD1_X6,BARD1_X6A,missense_variant,-0.146927,functionally_abnormal,V476E,214767623:T,0.016110311966319,normal,V,E,476,ARD,2.6822
214767632,T,G,BARD1_X6,BARD1_X6A,missense_variant,-0.11172,functionally_abnormal,H473P,214767632:G,-0.053353177320994,normal,H,P,473,ARD,2.1481
214767635,C,A,BARD1_X6,BARD1_X6A,missense_variant,-0.267599,functionally_abnormal,G472V,214767635:A,-0.0716926011897973,normal,G,V,472,ARD,2.1599
214767635,C,T,BARD1_X6,BARD1_X6A,missense_variant,-0.0839909,functionally_abnormal,G472E,214767635:T,-0.142550113455329,normal,G,E,472,ARD,2.391
214767636,C,A,BARD1_X6,BARD1_X6A,missense_variant,-0.157942,functionally_abnormal,G472W,214767636:A,-0.5497041714322187,normal,G,W,472,ARD,1.8147
214767638,T,G,BARD1_X6,BARD1_X6A,missense_variant,-0.194227,functionally_abnormal,H471P,214767638:G,0.1044533703027379,normal,H,P,471,ARD,2.3278
214767640,A,C,BARD1_X6,BARD1_X6A,missense_variant,-0.0735442,functionally_abnormal,N470K,214767640:C,0.179238147189863,normal,N,K,470,ARD,-0.22
214767640,A,T,BARD1_X6,BARD1_X6A,missense_variant,-0.0888953,functionally_abnormal,N470K,214767640:T,-0.0514563547578077,normal,N,K,470,ARD,-0.22
214767643,G,C,BARD1_X6,BARD1_X6A,missense_variant,-0.206872,functionally_abnormal,C469W,214767643:C,0.0230722123044453,normal,C,W,469,ARD,0.9415
214767644,C,A,BARD1_X6,BARD1_X6A,missense_variant,-0.301216,functionally_abnormal,C469F,214767644:A,-0.375250699354127,normal,C,F,469,ARD,0.6737
214767644,C,T,BARD1_X6,BARD1_X6A,missense_variant,-0.208207,functionally_abnormal,C469Y,214767644:T,-0.4849390185109619,normal,C,Y,469,ARD,1.0455
214767645,A,C,BARD1_X6,BARD1_X6A,missense_variant,-0.0615889,functionally_abnormal,C469G,214767645:C,-0.4913711951472824,normal,C,G,469,ARD,0.8896
214767645,A,G,BARD1_X6,BARD1_X6A,missense_variant,-0.317919,functionally_abnormal,C469R,214767645:G,-0.3054874877463399,normal,C,R,469,ARD,1.8007
214767647,G,A,BARD1_X6,BARD1_X6A,missense_variant,-0.178563,functionally_abnormal,A468V,214767647:A,-0.2732052624924567,normal,A,V,468,ARD,1.3016
214767647,G,T,BARD1_X6,BARD1_X6A,missense_variant,-0.266565,functionally_abnormal,A468D,214767647:T,-0.7808103388472927,normal,A,D,468,ARD,2.7994
214767648,C,G,BARD1_X6,BARD1_X6A,missense_variant,-0.273808,functionally_abnormal,A468P,214767648:G,-0.6184383391822413,normal,A,P,468,ARD,2.4749
214767648,C,T,BARD1_X6,BARD1_X6A,missense_variant,-0.222404,functionally_abnormal,A468T,214767648:T,-0.5289486682925307,normal,A,T,468,ARD,2.1237
214767650,T,A,BARD1_X6,BARD1_X6A,missense_variant,-0.1382,functionally_abnormal,E467V,214767650:A,-0.485332721779822,normal,E,V,467,ARD,-0.208
214767650,T,C,BARD1_X6,BARD1_X6A,missense_variant,-0.121941,functionally_abnormal,E467G,214767650:C,-0.517435311684672,normal,E,G,467,ARD,0.7665
214767650,T,G,BARD1_X6,BARD1_X6A,missense_variant,-0.147685,functionally_abnormal,E467A,214767650:G,-0.4615022154795946,normal,E,A,467,ARD,-0.1495
214767651,C,G,BARD1_X6,BARD1_X6A,missense_variant,-0.148447,functionally_abnormal,E467Q,214767651:G,-0.6266262499823804,normal,E,Q,467,ARD,-0.376
214767651,C,T,BARD1_X6,BARD1_X6A,missense_variant,-0.191966,functionally_abnormal,E467K,214767651:T,-0.7410166832012489,normal,E,K,467,ARD,-0.7741
214767652,A,C,BARD1_X6,BARD1_X6A,missense_variant,-0.0966548,functionally_abnormal,H466Q,214767652:C,-1.112723794947423,normal,H,Q,466,ARD,0.4825
214767653,T,A,BARD1_X6,BARD1_X6A,missense_variant,-0.184871,functionally_abnormal,H466L,214767653:A,-0.2706504471545004,normal,H,L,466,ARD,1.7909
214767653,T,C,BARD1_X6,BARD1_X6A,missense_variant,-0.203816,functionally_abnormal,H466R,214767653:C,1.016621939378788,normal,H,R,466,ARD,0.7228
214767653,T,G,BARD1_X6,BARD1_X6A,missense_variant,-0.255264,functionally_abnormal,H466P,214767653:G,-0.5667977071153003,normal,H,P,466,ARD,0.7205
214767654,G,A,BARD1_X6,BARD1_X6A,missense_variant,-0.2818,functionally_abnormal,H466Y,214767654:A,,,H,Y,466,ARD,0.9977
214767654,G,C,BARD1_X6,BARD1_X6A,missense_variant,-0.16282,functionally_abnormal,H466D,214767654:C,,,H,D,466,ARD,2.4717
214769232,C,A,BARD1_X5,BARD1_X5B,missense_variant,-0.102867,functionally_abnormal,L465F,214769232:A,-0.855542893572775,normal,L,F,465,ARD,1.8064
214769232,C,G,BARD1_X5,BARD1_X5B,missense_variant,-0.210763,functionally_abnormal,L465F,214769232:G,-2.333489500471467,low,L,F,465,ARD,1.8064
214769233,A,C,BARD1_X5,BARD1_X5B,missense_variant,-0.322006,functionally_abnormal,L465W,214769233:C,-0.1922952692754863,normal,L,W,465,ARD,2.4838
214769233,A,G,BARD1_X5,BARD1_X5B,missense_variant,-0.29902,functionally_abnormal,L465S,214769233:G,-0.6260000926268491,normal,L,S,465,ARD,3.4466
214769236,G,A,BARD1_X5,BARD1_X5B,missense_variant,-0.258348,functionally_abnormal,P464L,214769236:A,-0.787492996649621,normal,P,L,464,ARD,1.3072
214769236,G,C,BARD1_X5,BARD1_X5B,missense_variant,-0.269539,functionally_abnormal,P464R,214769236:C,-0.9375929510581628,normal,P,R,464,ARD,2.3534
214769236,G,T,BARD1_X5,BARD1_X5B,missense_variant,-0.261311,functionally_abnormal,P464Q,214769236:T,-0.7101909253502693,normal,P,Q,464,ARD,2.4479
214769237,G,T,BARD1_X5,BARD1_X5B,missense_variant,-0.115049,functionally_abnormal,P464T,214769237:T,-0.595300710343729,normal,P,T,464,ARD,2.1679
214769239,G,A,BARD1_X5,BARD1_X5B,missense_variant,-0.149533,functionally_abnormal,T463I,214769239:A,-0.4139748531993221,normal,T,I,463,ARD,1.3392
214769239,G,C,BARD1_X5,BARD1_X5B,missense_variant,-0.128361,functionally_abnormal,T463R,214769239:C,-0.3229839530755684,normal,T,R,463,ARD,1.6957
214769239,G,T,BARD1_X5,BARD1_X5B,missense_variant,-0.178653,functionally_abnormal,T463K,214769239:T,-0.5398815570877713,normal,T,K,463,ARD,1.7524
214769240,T,G,BARD1_X5,BARD1_X5B,missense_variant,-0.299458,functionally_abnormal,T463P,214769240:G,-0.4939799987913179,normal,T,P,463,ARD,2.1346
214769241,C,A,BARD1_X5,BARD1_X5B,missense_variant,-0.0901649,functionally_abnormal,W462C,214769241:A,-0.220539710352023,normal,W,C,462,ARD,0.0112
214769241,C,G,BARD1_X5,BARD1_X5B,missense_variant,-0.103535,functionally_abnormal,W462C,214769241:G,-0.4175150417931523,normal,W,C,462,ARD,0.0112
214769242,C,A,BARD1_X5,BARD1_X5B,missense_variant,-0.127847,functionally_abnormal,W462L,214769242:A,-0.2480574296130325,normal,W,L,462,ARD,0.4829
214769242,C,G,BARD1_X5,BARD1_X5B,missense_variant,-0.0685889,functionally_abnormal,W462S,214769242:G,0.0367354261930854,normal,W,S,462,ARD,0.7351
214769243,A,C,BARD1_X5,BARD1_X5B,missense_variant,-0.12668,functionally_abnormal,W462G,214769243:C,-0.0149272184984874,normal,W,G,462,ARD,0.8874
214769243,A,G,BARD1_X5,BARD1_X5B,missense_variant,-0.144055,functionally_abnormal,W462R,214769243:G,-0.2965513199253327,normal,W,R,462,ARD,0.0987
214769243,A,T,BARD1_X5,BARD1_X5B,missense_variant,-0.127228,functionally_abnormal,W462R,214769243:T,-0.0663018873647149,normal,W,R,462,ARD,0.0987
214769245,C,A,BARD1_X5,BARD1_X5B,missense_variant,-0.307759,functionally_abnormal,G461V,214769245:A,-1.303284806105732,low,G,V,461,ARD,2.236
214769254,T,A,BARD1_X5,BARD1_X5B,missense_variant,-0.127614,functionally_abnormal,D458V,214769254:A,-0.6091287236922757,normal,D,V,458,ARD,1.5952
214769254,T,C,BARD1_X5,BARD1_X5B,missense_variant,-0.162563,functionally_abnormal,D458G,214769254:C,0.4896440639642639,normal,D,G,458,ARD,1.6612
214769254,T,G,BARD1_X5,BARD1_X5B,missense_variant,-0.131436,functionally_abnormal,D458A,214769254:G,0.2471690109714721,normal,D,A,458,ARD,1.5058
214769255,C,A,BARD1_X5,BARD1_X5B,missense_variant,-0.292149,functionally_abnormal,D458Y,214769255:A,0.0473397551309658,normal,D,Y,458,ARD,1.9049
214769255,C,G,BARD1_X5,BARD1_X5B,missense_variant,-0.247928,functionally_abnormal,D458H,214769255:G,0.1528448211853995,normal,D,H,458,ARD,1.5139
214769255,C,T,BARD1_X5,BARD1_X5B,missense_variant,-0.126914,functionally_abnormal,D458N,214769255:T,0.1424514151440652,normal,D,N,458,ARD,0.5044
214769266,G,C,BARD1_X5,BARD1_X5B,missense_variant,-0.0676376,functionally_abnormal,P454R,214769266:C,0.1079425641299535,normal,P,R,454,ARD,1.6353
214769275,C,A,BARD1_X5,BARD1_X5A,missense_variant,-0.0979883,functionally_abnormal,G451V,214769275:A,-1.89570498765604,low,G,V,451,ARD,1.6449
214769281,T,G,BARD1_X5,BARD1_X5A,missense_variant,-0.0874904,functionally_abnormal,Q449P,214769281:G,0.6159853614049666,normal,Q,P,449,ARD,2.4086
214769283,T,G,BARD1_X5,BARD1_X5A,missense_variant,-0.063264,functionally_abnormal,L448F,214769283:G,0.4089919260191432,normal,L,F,448,ARD,1.7655
214769284,A,G,BARD1_X5,BARD1_X5A,missense_variant,-0.233496,functionally_abnormal,L448S,214769284:G,0.3022530788499092,normal,L,S,448,ARD,2.8621
214769287,A,C,BARD1_X5,BARD1_X5A,missense_variant,-0.0623967,functionally_abnormal,L447R,214769287:C,0.1713754625086761,normal,L,R,447,ARD,1.6999
214769287,A,G,BARD1_X5,BARD1_X5A,missense_variant,-0.11112,functionally_abnormal,L447P,214769287:G,0.7744967254928401,normal,L,P,447,ARD,2.5886
214769311,C,A,BARD1_X5,BARD1_X5A,missense_variant,-0.232061,functionally_abnormal,G439V,214769311:A,-0.2406210448575129,normal,G,V,439,ARD,2.1353
214780560,C,G,BARD1_X4,BARD1_X4L,missense_variant,-0.134201,functionally_abnormal,K438N,214780560:G,-2.989118811956756,low,K,N,438,ARD,0.5017
214780560,C,T,BARD1_X4,BARD1_X4L,splicing_variant,-0.159218,functionally_abnormal,K438K,214780560:T,-4.377135364993056,low,K,K,438,ARD,0.0
214780561,T,C,BARD1_X4,BARD1_X4L,missense_variant,-0.0845441,functionally_abnormal,K438R,214780561:C,-1.972851519047925,low,K,R,438,ARD,-0.0524
214780567,G,A,BARD1_X4,BARD1_X4L,missense_variant,-0.264894,functionally_abnormal,S436F,214780567:A,-0.2233251255855955,normal,S,F,436,ARD,1.2833
214780567,G,T,BARD1_X4,BARD1_X4L,missense_variant,-0.0986155,functionally_abnormal,S436Y,214780567:T,-0.7948652136322647,normal,S,Y,436,ARD,1.5928
214780568,A,G,BARD1_X4,BARD1_X4L,missense_variant,-0.153565,functionally_abnormal,S436P,214780568:G,0.0730083096956681,normal,S,P,436,ARD,2.1665
214780571,C,G,BARD1_X4,BARD1_X4L,missense_variant,-0.142985,functionally_abnormal,A435P,214780571:G,0.1327324726747924,normal,A,P,435,ARD,2.5543
214780576,T,C,BARD1_X4,BARD1_X4L,missense_variant,-0.11658,functionally_abnormal,H433R,214780576:C,0.2631311239689528,normal,H,R,433,ARD,0.5787
214780576,T,G,BARD1_X4,BARD1_X4L,missense_variant,-0.144487,functionally_abnormal,H433P,214780576:G,0.0440787762614431,normal,H,P,433,ARD,0.7139
214780577,G,A,BARD1_X4,BARD1_X4L,missense_variant,-0.135354,functionally_abnormal,H433Y,214780577:A,0.3576730075330843,normal,H,Y,433,ARD,0.7082
214780577,G,C,BARD1_X4,BARD1_X4L,missense_variant,-0.176055,functionally_abnormal,H433D,214780577:C,0.2462075019125579,normal,H,D,433,ARD,2.1823
214780579,A,C,BARD1_X4,BARD1_X4L,missense_variant,-0.12062,functionally_abnormal,L432R,214780579:C,0.4493845071710545,normal,L,R,432,ARD,3.4963
214780579,A,G,BARD1_X4,BARD1_X4L,missense_variant,-0.158087,functionally_abnormal,L432P,214780579:G,0.2118308202046859,normal,L,P,432,ARD,3.3393
214780579,A,T,BARD1_X4,BARD1_X4L,missense_variant,-0.127181,functionally_abnormal,L432H,214780579:T,0.0302251376167048,normal,L,H,432,ARD,3.5846
214780586,T,G,BARD1_X4,BARD1_X4L,missense_variant,-0.142958,functionally_abnormal,T430P,214780586:G,0.4278309702620401,normal,T,P,430,ARD,1.1501
214780588,T,A,BARD1_X4,BARD1_X4L,missense_variant,-0.0996668,functionally_abnormal,E429V,214780588:A,0.3128574324449651,normal,E,V,429,ARD,1.0376
214780588,T,C,BARD1_X4,BARD1_X4L,missense_variant,-0.0736801,functionally_abnormal,E429G,214780588:C,0.498992976844776,normal,E,G,429,ARD,1.2196
214780588,T,G,BARD1_X4,BARD1_X4L,missense_variant,-0.0676584,functionally_abnormal,E429A,214780588:G,-0.0457117324627734,normal,E,A,429,ARD,0.9222
214780589,C,G,BARD1_X4,BARD1_X4L,missense_variant,-0.065436,functionally_abnormal,E429Q,214780589:G,0.4938806624630308,normal,E,Q,429,ARD,0.2791
214780589,C,T,BARD1_X4,BARD1_X4L,missense_variant,-0.0789811,functionally_abnormal,E429K,214780589:T,-0.1116282394083954,normal,E,K,429,ARD,0.9339
214780590,T,A,BARD1_X4,BARD1_X4L,synonymous_variant,-0.110318,functionally_abnormal,G428G,214780590:A,-1.328625198008877,low,G,G,428,ARD,0.0
214780591,C,A,BARD1_X4,BARD1_X4L,missense_variant,-0.0845709,functionally_abnormal,G428V,214780591:A,-0.8877689558619027,normal,G,V,428,ARD,1.5025
214780591,C,T,BARD1_X4,BARD1_X4L,missense_variant,-0.106376,functionally_abnormal,G428E,214780591:T,0.093261343596478,normal,G,E,428,ARD,1.4937
214780592,C,G,BARD1_X4,BARD1_X4L,missense_variant,-0.0696636,functionally_abnormal,G428R,214780592:G,0.1853448455006432,normal,G,R,428,ARD,1.4524
214780592,C,T,BARD1_X4,BARD1_X4L,missense_variant,-0.0870223,functionally_abnormal,G428R,214780592:T,0.2502118972423136,normal,G,R,428,ARD,1.4524
214792297,C,A,BARD1_X3,BARD1_X3B,missense_variant,-0.210301,functionally_abnormal,D122Y,214792297:A,-1.330737168436389,low,D,Y,122,RING,0.3321
214792297,C,G,BARD1_X3,BARD1_X3B,missense_variant,-0.234567,functionally_abnormal,D122H,214792297:G,-4.445127823402081,low,D,H,122,RING,0.1861
214792297,C,T,BARD1_X3,BARD1_X3B,missense_variant,-0.181461,functionally_abnormal,D122N,214792297:T,-3.241203095153236,low,D,N,122,RING,0.1057
214792298,T,C,BARD1_X3,BARD1_X3B,splicing_variant,-0.171479,functionally_abnormal,S121S,214792298:C,-2.767916830855206,low,S,S,121,RING,0.0
214792314,T,G,BARD1_X3,BARD1_X3B,missense_variant,-0.180455,functionally_abnormal,H116P,214792314:G,-2.680092290556608,low,H,P,116,RING,0.8775
214792317,A,C,BARD1_X3,BARD1_X3B,missense_variant,-0.249553,functionally_abnormal,L115R,214792317:C,0.4270877891668165,normal,L,R,115,RING,0.7404
214792317,A,G,BARD1_X3,BARD1_X3B,missense_variant,-0.21445,functionally_abnormal,L115P,214792317:G,-0.0736296405232113,normal,L,P,115,RING,0.8174
214792317,A,T,BARD1_X3,BARD1_X3B,missense_variant,-0.216533,functionally_abnormal,L115Q,214792317:T,0.2923230782561493,normal,L,Q,115,RING,0.6703
214792320,A,C,BARD1_X3,BARD1_X3B,missense_variant,-0.105264,functionally_abnormal,L114W,214792320:C,-0.1813600564187418,normal,L,W,114,RING,0.033
214792326,C,A,BARD1_X3,BARD1_X3B,missense_variant,-0.168591,functionally_abnormal,R112L,214792326:A,-0.9190300038015504,normal,R,L,112,RING,0.8123
214792326,C,G,BARD1_X3,BARD1_X3B,missense_variant,-0.285715,functionally_abnormal,R112P,214792326:G,-0.870063783747163,normal,R,P,112,RING,2.4212
214792329,A,C,BARD1_X3,BARD1_X3B,missense_variant,-0.152105,functionally_abnormal,L111R,214792329:C,-0.6478722702678589,normal,L,R,111,RING,1.1166
214792329,A,G,BARD1_X3,BARD1_X3B,missense_variant,-0.199657,functionally_abnormal,L111P,214792329:G,0.585903038954203,normal,L,P,111,RING,1.4269
214792329,A,T,BARD1_X3,BARD1_X3B,missense_variant,-0.189359,functionally_abnormal,L111H,214792329:T,-0.1065630950451434,normal,L,H,111,RING,0.9017
214792330,G,C,BARD1_X3,BARD1_X3B,missense_variant,-0.243504,functionally_abnormal,L111V,214792330:C,-0.2027735086593831,normal,L,V,111,RING,0.1579
214792330,G,T,BARD1_X3,BARD1_X3B,missense_variant,-0.0780943,functionally_abnormal,L111I,214792330:T,0.0247978778441239,normal,L,I,111,RING,-0.1308
214792341,A,C,BARD1_X3,BARD1_X3B,missense_variant,-0.158085,functionally_abnormal,L107R,214792341:C,0.302084728944601,normal,L,R,107,RING,0.6745
214792341,A,G,BARD1_X3,BARD1_X3B,missense_variant,-0.30699,functionally_abnormal,L107P,214792341:G,0.6867668133757129,normal,L,P,107,RING,1.5825
214792347,A,T,BARD1_X3,BARD1_X3B,missense_variant,-0.0730931,functionally_abnormal,I105N,214792347:T,0.5275305328770609,normal,I,N,105,RING,1.6102
214792348,T,A,BARD1_X3,BARD1_X3B,missense_variant,-0.198989,functionally_abnormal,I105F,214792348:A,-0.0219614724577653,normal,I,F,105,RING,0.8042
214792350,A,C,BARD1_X3,BARD1_X3B,missense_variant,-0.220149,functionally_abnormal,M104R,214792350:C,0.3828543574469142,normal,M,R,104,RING,1.2031
214792350,A,G,BARD1_X3,BARD1_X3B,missense_variant,-0.0965577,functionally_abnormal,M104T,214792350:G,0.4687058303512283,normal,M,T,104,RING,1.2145
214792350,A,T,BARD1_X3,BARD1_X3B,missense_variant,-0.231664,functionally_abnormal,M104K,214792350:T,0.8278571722656421,normal,M,K,104,RING,1.1913
214792373,C,A,BARD1_X3,BARD1_X3A,missense_variant,-0.0634042,functionally_abnormal,K96N,214792373:A,-0.5444177286393286,normal,K,N,96,RING,0.1903
214792376,C,A,BARD1_X3,BARD1_X3A,missense_variant,-0.079484,functionally_abnormal,L95F,214792376:A,-1.055398058430365,normal,L,F,95,RING,0.0968
214792381,C,A,BARD1_X3,BARD1_X3A,missense_variant,-0.0711188,functionally_abnormal,D94Y,214792381:A,-0.3786916783311157,normal,D,Y,94,RING,-0.1741
214792399,T,G,BARD1_X3,BARD1_X3A,missense_variant,-0.234359,functionally_abnormal,T88P,214792399:G,-0.005854623868325595,normal,T,P,88,RING,1.5619
214792403,A,C,BARD1_X3,BARD1_X3A,missense_variant,-0.243733,functionally_abnormal,C86W,214792403:C,-1.062231251572011,normal,C,W,86,RING,0.3623
214792404,C,A,BARD1_X3,BARD1_X3A,missense_variant,-0.129012,functionally_abnormal,C86F,214792404:A,0.2378595591988556,normal,C,F,86,RING,-0.04
214792404,C,G,BARD1_X3,BARD1_X3A,missense_variant,-0.0830363,functionally_abnormal,C86S,214792404:G,0.1869740961904877,normal,C,S,86,RING,-0.0552
214792405,A,T,BARD1_X3,BARD1_X3A,missense_variant,-0.086103,functionally_abnormal,C86S,214792405:T,-0.1064753256621855,normal,C,S,86,RING,-0.0552
214792404,C,T,BARD1_X3,BARD1_X3A,missense_variant,-0.152115,functionally_abnormal,C86Y,214792404:T,-0.2175739753126004,normal,C,Y,86,RING,0.0912
214792405,A,C,BARD1_X3,BARD1_X3A,missense_variant,-0.17071,functionally_abnormal,C86G,214792405:C,-0.9212803052245092,normal,C,G,86,RING,1.1283
214792405,A,G,BARD1_X3,BARD1_X3A,missense_variant,-0.186751,functionally_abnormal,C86R,214792405:G,-1.555643359002093,low,C,R,86,RING,0.8137
214792412,A,C,BARD1_X3,BARD1_X3A,missense_variant,-0.085523,functionally_abnormal,C83W,214792412:C,0.2827448430587059,normal,C,W,83,RING,0.5949
214792413,C,A,BARD1_X3,BARD1_X3A,missense_variant,-0.19556,functionally_abnormal,C83F,214792413:A,-0.4250288394748563,normal,C,F,83,RING,-0.3047
214792413,C,G,BARD1_X3,BARD1_X3A,missense_variant,-0.114106,functionally_abnormal,C83S,214792413:G,0.1327683104981327,normal,C,S,83,RING,0.1194
214792414,A,T,BARD1_X3,BARD1_X3A,missense_variant,-0.11725,functionally_abnormal,C83S,214792414:T,-0.3068564567935975,normal,C,S,83,RING,0.1194
214792413,C,T,BARD1_X3,BARD1_X3A,missense_variant,-0.137236,functionally_abnormal,C83Y,214792413:T,-0.3874558752545883,normal,C,Y,83,RING,0.287
214792414,A,C,BARD1_X3,BARD1_X3A,missense_variant,-0.0723172,functionally_abnormal,C83G,214792414:C,-0.0191012762596855,normal,C,G,83,RING,1.2858
214792414,A,G,BARD1_X3,BARD1_X3A,missense_variant,-0.0702567,functionally_abnormal,C83R,214792414:G,0.0566219603049947,normal,C,R,83,RING,0.6434
214792416,C,A,BARD1_X3,BARD1_X3A,missense_variant,-0.0639078,functionally_abnormal,G82V,214792416:A,-0.3278506132367861,normal,G,V,82,RING,2.0311
214792420,T,G,BARD1_X3,BARD1_X3A,missense_variant,-0.0676518,functionally_abnormal,T81P,214792420:G,-0.8525879326257668,normal,T,P,81,RING,0.4466
214792422,C,A,BARD1_X3,BARD1_X3A,missense_variant,-0.0761378,functionally_abnormal,G80V,214792422:A,0.3354846054931807,normal,G,V,80,RING,0.1032
214792437,A,T,BARD1_X3,BARD1_X3A,missense_variant,-0.261844,functionally_abnormal,V75E,214792437:T,-0.1475314194486287,normal,V,E,75,RING,0.7558
214792439,A,C,BARD1_X3,BARD1_X3A,missense_variant,-0.342682,functionally_abnormal,C74W,214792439:C,-1.53954581629087,low,C,W,74,RING,0.2769
214792440,C,A,BARD1_X3,BARD1_X3A,missense_variant,-0.250818,functionally_abnormal,C74F,214792440:A,-0.1832847183551593,normal,C,F,74,RING,0.3289
214792440,C,G,BARD1_X3,BARD1_X3A,missense_variant,-0.27993,functionally_abnormal,C74S,214792440:G,-0.0856296901976712,normal,C,S,74,RING,0.2235
214792441,A,T,BARD1_X3,BARD1_X3A,missense_variant,-0.348682,functionally_abnormal,C74S,214792441:T,-1.36829473315074,low,C,S,74,RING,0.2235
214792440,C,T,BARD1_X3,BARD1_X3A,missense_variant,-0.328505,functionally_abnormal,C74Y,214792440:T,-0.5937820629513991,normal,C,Y,74,RING,0.2335
214792441,A,C,BARD1_X3,BARD1_X3A,missense_variant,-0.350824,functionally_abnormal,C74G,214792441:C,-0.551888025271624,normal,C,G,74,RING,1.1212
214792441,A,G,BARD1_X3,BARD1_X3A,missense_variant,-0.342276,functionally_abnormal,C74R,214792441:G,0.0357500085207311,normal,C,R,74,RING,0.6881
214797061,C,G,BARD1_X2,BARD1_X2,missense_variant,-0.0773997,functionally_abnormal,S72T,214797061:G,-1.353756513803985,low,S,T,72,RING,0.2061
214797061,C,T,BARD1_X2,BARD1_X2,missense_variant,-0.116914,functionally_abnormal,S72N,214797061:T,-2.171359575893061,low,S,N,72,RING,0.3906
214797063,A,C,BARD1_X2,BARD1_X2,missense_variant,-0.128025,functionally_abnormal,C71W,214797063:C,-0.7705501181667972,normal,C,W,71,RING,-0.0534
214797064,C,A,BARD1_X2,BARD1_X2,missense_variant,-0.2176,functionally_abnormal,C71F,214797064:A,-0.0155563649108977,normal,C,F,71,RING,0.2603
214797064,C,G,BARD1_X2,BARD1_X2,missense_variant,-0.205328,functionally_abnormal,C71S,214797064:G,-0.4356869679519307,normal,C,S,71,RING,0.1234
214797065,A,T,BARD1_X2,BARD1_X2,missense_variant,-0.111706,functionally_abnormal,C71S,214797065:T,0.0594396386506918,normal,C,S,71,RING,0.1234
214797064,C,T,BARD1_X2,BARD1_X2,missense_variant,-0.211462,functionally_abnormal,C71Y,214797064:T,-0.2287339924331106,normal,C,Y,71,RING,-0.1017
214797065,A,C,BARD1_X2,BARD1_X2,missense_variant,-0.212366,functionally_abnormal,C71G,214797065:C,-0.9155612094452132,normal,C,G,71,RING,0.9854
214797065,A,G,BARD1_X2,BARD1_X2,missense_variant,-0.107694,functionally_abnormal,C71R,214797065:G,-0.3258726714718735,normal,C,R,71,RING,0.6218
214797072,G,C,BARD1_X2,BARD1_X2,missense_variant,-0.122967,functionally_abnormal,H68Q,214797072:C,-0.1045403807154856,normal,H,Q,68,RING,1.0613
214797072,G,T,BARD1_X2,BARD1_X2,missense_variant,-0.11559,functionally_abnormal,H68Q,214797072:T,0.09439490622228,normal,H,Q,68,RING,1.0613
214797073,T,A,BARD1_X2,BARD1_X2,missense_variant,-0.0944653,functionally_abnormal,H68L,214797073:A,0.014769216407592,normal,H,L,68,RING,1.2611
214797073,T,C,BARD1_X2,BARD1_X2,missense_variant,-0.190757,functionally_abnormal,H68R,214797073:C,-0.1003808923686435,normal,H,R,68,RING,1.0473
214797073,T,G,BARD1_X2,BARD1_X2,missense_variant,-0.304841,functionally_abnormal,H68P,214797073:G,-0.2900382931968706,normal,H,P,68,RING,1.5009
214797074,G,A,BARD1_X2,BARD1_X2,missense_variant,-0.125077,functionally_abnormal,H68Y,214797074:A,-0.1255766496323221,normal,H,Y,68,RING,0.3892
214797074,G,T,BARD1_X2,BARD1_X2,missense_variant,-0.130875,functionally_abnormal,H68N,214797074:T,0.1241517079496153,normal,H,N,68,RING,0.8385
214797078,A,C,BARD1_X2,BARD1_X2,missense_variant,-0.1429,functionally_abnormal,C66W,214797078:C,-0.1202161263219954,normal,C,W,66,RING,0.207
214797079,C,A,BARD1_X2,BARD1_X2,missense_variant,-0.126348,functionally_abnormal,C66F,214797079:A,-0.0790652071349299,normal,C,F,66,RING,0.35
214797079,C,G,BARD1_X2,BARD1_X2,missense_variant,-0.151153,functionally_abnormal,C66S,214797079:G,-0.2702197301763825,normal,C,S,66,RING,-0.0381
214797080,A,T,BARD1_X2,BARD1_X2,missense_variant,-0.115894,functionally_abnormal,C66S,214797080:T,0.0990104352775967,normal,C,S,66,RING,-0.0381
214797079,C,T,BARD1_X2,BARD1_X2,missense_variant,-0.15146,functionally_abnormal,C66Y,214797079:T,-0.2623687997699425,normal,C,Y,66,RING,0.4291
214797080,A,C,BARD1_X2,BARD1_X2,missense_variant,-0.114204,functionally_abnormal,C66G,214797080:C,-0.0081761563909557,normal,C,G,66,RING,0.1069
214797080,A,G,BARD1_X2,BARD1_X2,missense_variant,-0.250242,functionally_abnormal,C66R,214797080:G,-0.2798981344962996,normal,C,R,66,RING,0.375
214797097,G,A,BARD1_X2,BARD1_X2,missense_variant,-0.292026,functionally_abnormal,P60L,214797097:A,-0.3933264662282856,normal,P,L,60,RING,-0.2131
214797097,G,C,BARD1_X2,BARD1_X2,missense_variant,-0.153696,functionally_abnormal,P60R,214797097:C,-0.7335159043462964,normal,P,R,60,RING,0.4176
214797097,G,T,BARD1_X2,BARD1_X2,missense_variant,-0.0989789,functionally_abnormal,P60H,214797097:T,-0.2798080376309081,normal,P,H,60,RING,0.3655
214797098,G,T,BARD1_X2,BARD1_X2,missense_variant,-0.0903364,functionally_abnormal,P60T,214797098:T,-0.0376875722452528,normal,P,T,60,RING,0.288
214797112,T,A,BARD1_X2,BARD1_X2,missense_variant,-0.068848,functionally_abnormal,N55I,214797112:A,-0.1832116330592211,normal,N,I,55,RING,0.0761
214797117,A,C,BARD1_X2,BARD1_X2,missense_variant,-0.149041,functionally_abnormal,C53W,214797117:C,,,C,W,53,RING,0.405
214809412,C,G,BARD1_X1,BARD1_X1B,missense_variant,-0.145667,functionally_abnormal,C53S,214809412:G,-7.392210174131164,low,C,S,53,RING,0.2753
214809413,A,T,BARD1_X1,BARD1_X1B,missense_variant,-0.177463,functionally_abnormal,C53S,214809413:T,0.5737255179302906,normal,C,S,53,RING,0.2753
214809412,C,T,BARD1_X1,BARD1_X1B,missense_variant,-0.190415,functionally_abnormal,C53Y,214809412:T,-4.884741015048544,low,C,Y,53,RING,0.0882
214809413,A,C,BARD1_X1,BARD1_X1B,missense_variant,-0.626798,functionally_abnormal,C53G,214809413:C,0.6400394056132953,normal,C,G,53,RING,1.2868
214809413,A,G,BARD1_X1,BARD1_X1B,missense_variant,-0.192766,functionally_abnormal,C53R,214809413:G,-1.394413751713157,low,C,R,53,RING,0.424
214809415,C,G,BARD1_X1,BARD1_X1B,missense_variant,-0.416109,functionally_abnormal,R52P,214809415:G,0.194435985446709,normal,R,P,52,RING,0.5202
214809416,G,C,BARD1_X1,BARD1_X1B,missense_variant,-0.224924,functionally_abnormal,R52G,214809416:C,-4.476689110199841,low,R,G,52,RING,0.7197
214809420,G,C,BARD1_X1,BARD1_X1B,missense_variant,-0.139958,functionally_abnormal,C50W,214809420:C,-0.6788089961541174,normal,C,W,50,RING,0.6238
214809421,C,A,BARD1_X1,BARD1_X1B,missense_variant,-0.266367,functionally_abnormal,C50F,214809421:A,0.014132672123167,normal,C,F,50,RING,-0.0322
214809421,C,G,BARD1_X1,BARD1_X1B,missense_variant,-0.254557,functionally_abnormal,C50S,214809421:G,0.0677223293168085,normal,C,S,50,RING,0.0524
214809422,A,T,BARD1_X1,BARD1_X1B,missense_variant,-0.368553,functionally_abnormal,C50S,214809422:T,-0.3548188942120903,normal,C,S,50,RING,0.0524
214809421,C,T,BARD1_X1,BARD1_X1B,missense_variant,-0.0720324,functionally_abnormal,C50Y,214809421:T,0.1143235036932815,normal,C,Y,50,RING,0.4382
214809422,A,C,BARD1_X1,BARD1_X1B,missense_variant,-0.170648,functionally_abnormal,C50G,214809422:C,-0.0453193066959352,normal,C,G,50,RING,1.1885
214809422,A,G,BARD1_X1,BARD1_X1B,missense_variant,-0.132466,functionally_abnormal,C50R,214809422:G,-0.0508640569115767,normal,C,R,50,RING,0.8559
214809424,C,G,BARD1_X1,BARD1_X1B,missense_variant,-0.282605,functionally_abnormal,R49P,214809424:G,-0.0414199882872437,normal,R,P,49,RING,1.4932
214809427,A,C,BARD1_X1,BARD1_X1B,missense_variant,-0.222284,functionally_abnormal,L48R,214809427:C,0.5879165227561106,normal,L,R,48,RING,2.1248
214809427,A,G,BARD1_X1,BARD1_X1B,missense_variant,-0.235495,functionally_abnormal,L48P,214809427:G,-0.3861818253822286,normal,L,P,48,RING,2.1756
214809427,A,T,BARD1_X1,BARD1_X1B,missense_variant,-0.244476,functionally_abnormal,L48Q,214809427:T,-0.2429653194467067,normal,L,Q,48,RING,2.1054
214809430,A,G,BARD1_X1,BARD1_X1B,missense_variant,-0.278405,functionally_abnormal,L47P,214809430:G,0.2450947953939983,normal,L,P,47,RING,1.1416
214809442,C,G,BARD1_X1,BARD1_X1B,missense_variant,-0.0968335,functionally_abnormal,R43P,214809442:G,-0.1857187646225754,normal,R,P,43,RING,0.8863
214809448,A,C,BARD1_X1,BARD1_X1B,missense_variant,-0.225647,functionally_abnormal,L41R,214809448:C,-0.0558620281571886,normal,L,R,41,RING,1.4231
214809448,A,G,BARD1_X1,BARD1_X1B,missense_variant,-0.217398,functionally_abnormal,L41P,214809448:G,0.7160352151714965,normal,L,P,41,RING,1.9005
214809448,A,T,BARD1_X1,BARD1_X1B,missense_variant,-0.115823,functionally_abnormal,L41H,214809448:T,-0.2581288920150376,normal,L,H,41,RING,1.4055
214809452,C,G,BARD1_X1,BARD1_X1B,missense_variant,-0.312034,functionally_abnormal,A40P,214809452:G,0.1828162895443386,normal,A,P,40,RING,1.1448
214809457,C,G,BARD1_X1,BARD1_X1B,missense_variant,-0.248597,functionally_abnormal,R38P,214809457:G,-0.1653370170714954,normal,R,P,38,RING,1.4476
214809459,A,C,BARD1_X1,BARD1_X1B,missense_variant,-0.160601,functionally_abnormal,S37R,214809459:C,1.516511578786626,normal,S,R,37,RING,0.1332
214809459,A,T,BARD1_X1,BARD1_X1B,missense_variant,-0.315306,functionally_abnormal,S37R,214809459:T,0.0465300408084186,normal,S,R,37,RING,0.1332
214809461,T,G,BARD1_X1,BARD1_X1B,missense_variant,-0.250876,functionally_abnormal,S37R,214809461:G,0.6344455013310771,normal,S,R,37,RING,0.1332
214809460,C,T,BARD1_X1,BARD1_X1B,missense_variant,-0.220979,functionally_abnormal,S37N,214809460:T,1.094224334350604,normal,S,N,37,RING,0.3824
214809461,T,C,BARD1_X1,BARD1_X1B,missense_variant,-0.107679,functionally_abnormal,S37G,214809461:C,0.1019559747208825,normal,S,G,37,RING,0.4718
214809463,T,G,BARD1_X1,BARD1_X1B,missense_variant,-0.269298,functionally_abnormal,H36P,214809463:G,0.6405843035228254,normal,H,P,36,RING,0.1571
214809464,G,C,BARD1_X1,BARD1_X1B,missense_variant,-0.104774,functionally_abnormal,H36D,214809464:C,0.0320373363657411,normal,H,D,36,RING,0.0138
214809468,C,A,BARD1_X1,BARD1_X1B,missense_variant,-0.274079,functionally_abnormal,W34C,214809468:A,-0.1976853533659293,normal,W,C,34,RING,0.2025
214809468,C,G,BARD1_X1,BARD1_X1B,missense_variant,-0.264535,functionally_abnormal,W34C,214809468:G,0.1075465753533271,normal,W,C,34,RING,0.2025
214809469,C,A,BARD1_X1,BARD1_X1B,missense_variant,-0.216866,functionally_abnormal,W34L,214809469:A,0.4172168613888471,normal,W,L,34,RING,0.2383
214809469,C,G,BARD1_X1,BARD1_X1B,missense_variant,-0.396068,functionally_abnormal,W34S,214809469:G,0.188262725378361,normal,W,S,34,RING,0.5068
214809470,A,C,BARD1_X1,BARD1_X1B,missense_variant,-0.330576,functionally_abnormal,W34G,214809470:C,-0.136465698146028,normal,W,G,34,RING,0.5454
214809470,A,G,BARD1_X1,BARD1_X1B,missense_variant,-0.145317,functionally_abnormal,W34R,214809470:G,0.0756948400017918,normal,W,R,34,RING,0.3945
214809470,A,T,BARD1_X1,BARD1_X1B,missense_variant,-0.195357,functionally_abnormal,W34R,214809470:T,-0.1352073508871075,normal,W,R,34,RING,0.3945
