#CHROM	POS	/net/bbi/vol1/data/sge-analysis/nobackup/collections/datafreeze.20250331/bam/BARD1/BARD1_X11D_R1R4_D13.bam
chr2:214728559-214728789	1	1070308
chr2:214728559-214728789	2	1071642
chr2:214728559-214728789	3	1071847
chr2:214728559-214728789	4	1071577
chr2:214728559-214728789	5	1071634
chr2:214728559-214728789	6	1070824
chr2:214728559-214728789	7	1072041
chr2:214728559-214728789	8	1072048
chr2:214728559-214728789	9	1071758
chr2:214728559-214728789	10	1071742
chr2:214728559-214728789	11	1071758
chr2:214728559-214728789	12	1071662
chr2:214728559-214728789	13	1070781
chr2:214728559-214728789	14	1072172
chr2:214728559-214728789	15	1071573
chr2:214728559-214728789	16	1071553
chr2:214728559-214728789	17	1071802
chr2:214728559-214728789	18	1071071
chr2:214728559-214728789	19	1071033
chr2:214728559-214728789	20	1072217
chr2:214728559-214728789	21	1072281
chr2:214728559-214728789	22	1072366
chr2:214728559-214728789	23	1072367
chr2:214728559-214728789	24	1072375
chr2:214728559-214728789	25	1072377
chr2:214728559-214728789	26	1072383
chr2:214728559-214728789	27	1072319
chr2:214728559-214728789	28	1072388
chr2:214728559-214728789	29	1072386
chr2:214728559-214728789	30	1072387
chr2:214728559-214728789	31	1072395
chr2:214728559-214728789	32	1071930
chr2:214728559-214728789	33	1072396
chr2:214728559-214728789	34	1072394
chr2:214728559-214728789	35	1072394
chr2:214728559-214728789	36	1072394
chr2:214728559-214728789	37	1072399
chr2:214728559-214728789	38	1072351
chr2:214728559-214728789	39	1072354
chr2:214728559-214728789	40	1072343
chr2:214728559-214728789	41	1072353
chr2:214728559-214728789	42	1072363
chr2:214728559-214728789	43	1072363
chr2:214728559-214728789	44	1072362
chr2:214728559-214728789	45	1072360
chr2:214728559-214728789	46	1072325
chr2:214728559-214728789	47	1071813
chr2:214728559-214728789	48	1072326
chr2:214728559-214728789	49	1072313
chr2:214728559-214728789	50	1072280
chr2:214728559-214728789	51	1072252
chr2:214728559-214728789	52	1072249
chr2:214728559-214728789	53	1072243
chr2:214728559-214728789	54	1072221
chr2:214728559-214728789	55	1072206
chr2:214728559-214728789	56	1072201
chr2:214728559-214728789	57	1072174
chr2:214728559-214728789	58	1072188
chr2:214728559-214728789	59	1072157
chr2:214728559-214728789	60	1072040
chr2:214728559-214728789	61	1072017
chr2:214728559-214728789	62	1072033
chr2:214728559-214728789	63	1072008
chr2:214728559-214728789	64	1071605
chr2:214728559-214728789	65	1071586
chr2:214728559-214728789	66	1071606
chr2:214728559-214728789	67	1071563
chr2:214728559-214728789	68	1071542
chr2:214728559-214728789	69	1071542
chr2:214728559-214728789	70	1071521
chr2:214728559-214728789	71	1071379
chr2:214728559-214728789	72	1071270
chr2:214728559-214728789	73	1067027
chr2:214728559-214728789	74	1066794
chr2:214728559-214728789	75	1066917
chr2:214728559-214728789	76	1068741
chr2:214728559-214728789	77	1066596
chr2:214728559-214728789	78	1063993
chr2:214728559-214728789	79	1065097
chr2:214728559-214728789	80	1065130
chr2:214728559-214728789	81	1065577
chr2:214728559-214728789	82	1064954
chr2:214728559-214728789	83	1064760
chr2:214728559-214728789	84	1064276
chr2:214728559-214728789	85	1063718
chr2:214728559-214728789	86	1063423
chr2:214728559-214728789	87	1063269
chr2:214728559-214728789	88	1063346
chr2:214728559-214728789	89	1063118
chr2:214728559-214728789	90	1062264
chr2:214728559-214728789	91	1061989
chr2:214728559-214728789	92	1061230
chr2:214728559-214728789	93	1062420
chr2:214728559-214728789	94	1062651
chr2:214728559-214728789	95	1063549
chr2:214728559-214728789	96	1063215
chr2:214728559-214728789	97	1063021
chr2:214728559-214728789	98	1062411
chr2:214728559-214728789	99	1060040
chr2:214728559-214728789	100	1062411
chr2:214728559-214728789	101	1061354
chr2:214728559-214728789	102	1059576
chr2:214728559-214728789	103	1058950
chr2:214728559-214728789	104	1061078
chr2:214728559-214728789	105	1063284
chr2:214728559-214728789	106	1061050
chr2:214728559-214728789	107	1055773
chr2:214728559-214728789	108	1058836
chr2:214728559-214728789	109	1059061
chr2:214728559-214728789	110	1061773
chr2:214728559-214728789	111	1053643
chr2:214728559-214728789	112	1055622
chr2:214728559-214728789	113	1057587
chr2:214728559-214728789	114	1065367
chr2:214728559-214728789	115	1061150
chr2:214728559-214728789	116	1060813
chr2:214728559-214728789	117	1058151
chr2:214728559-214728789	118	1058942
chr2:214728559-214728789	119	1052592
chr2:214728559-214728789	120	1055142
chr2:214728559-214728789	121	1053480
chr2:214728559-214728789	122	1056712
chr2:214728559-214728789	123	1054458
chr2:214728559-214728789	124	1055289
chr2:214728559-214728789	125	1049146
chr2:214728559-214728789	126	1048620
chr2:214728559-214728789	127	1047903
chr2:214728559-214728789	128	1050220
chr2:214728559-214728789	129	1050164
chr2:214728559-214728789	130	1044767
chr2:214728559-214728789	131	1044346
chr2:214728559-214728789	132	1045461
chr2:214728559-214728789	133	1042869
chr2:214728559-214728789	134	1040715
chr2:214728559-214728789	135	1040811
chr2:214728559-214728789	136	1026012
chr2:214728559-214728789	137	1023352
chr2:214728559-214728789	138	1015462
chr2:214728559-214728789	139	1013071
chr2:214728559-214728789	140	1017423
chr2:214728559-214728789	141	1023267
chr2:214728559-214728789	142	1024044
chr2:214728559-214728789	143	1027262
chr2:214728559-214728789	144	1034321
chr2:214728559-214728789	145	1034580
chr2:214728559-214728789	146	1036060
chr2:214728559-214728789	147	1040805
chr2:214728559-214728789	148	1042954
chr2:214728559-214728789	149	1043472
chr2:214728559-214728789	150	1045686
chr2:214728559-214728789	151	1050318
chr2:214728559-214728789	152	1053179
chr2:214728559-214728789	153	1055500
chr2:214728559-214728789	154	1057403
chr2:214728559-214728789	155	1059194
chr2:214728559-214728789	156	1059815
chr2:214728559-214728789	157	1060723
chr2:214728559-214728789	158	1061241
chr2:214728559-214728789	159	1062169
chr2:214728559-214728789	160	1062793
chr2:214728559-214728789	161	1062987
chr2:214728559-214728789	162	1063149
chr2:214728559-214728789	163	1063400
chr2:214728559-214728789	164	1065880
chr2:214728559-214728789	165	1065787
chr2:214728559-214728789	166	1066139
chr2:214728559-214728789	167	1067862
chr2:214728559-214728789	168	1068833
chr2:214728559-214728789	169	1068810
chr2:214728559-214728789	170	1069069
chr2:214728559-214728789	171	1068976
chr2:214728559-214728789	172	1069048
chr2:214728559-214728789	173	1069295
chr2:214728559-214728789	174	1069437
chr2:214728559-214728789	175	1069918
chr2:214728559-214728789	176	1070006
chr2:214728559-214728789	177	1070074
chr2:214728559-214728789	178	1070867
chr2:214728559-214728789	179	1070888
chr2:214728559-214728789	180	1070898
chr2:214728559-214728789	181	1071005
chr2:214728559-214728789	182	1070844
chr2:214728559-214728789	183	1071039
chr2:214728559-214728789	184	1071100
chr2:214728559-214728789	185	1071593
chr2:214728559-214728789	186	1071679
chr2:214728559-214728789	187	1071727
chr2:214728559-214728789	188	1071854
chr2:214728559-214728789	189	1071905
chr2:214728559-214728789	190	1071873
chr2:214728559-214728789	191	1071971
chr2:214728559-214728789	192	1071972
chr2:214728559-214728789	193	1071989
chr2:214728559-214728789	194	1071935
chr2:214728559-214728789	195	1071990
chr2:214728559-214728789	196	1072004
chr2:214728559-214728789	197	1072034
chr2:214728559-214728789	198	1072052
chr2:214728559-214728789	199	1072054
chr2:214728559-214728789	200	1072057
chr2:214728559-214728789	201	1072211
chr2:214728559-214728789	202	1072270
chr2:214728559-214728789	203	1072273
chr2:214728559-214728789	204	1072271
chr2:214728559-214728789	205	1072273
chr2:214728559-214728789	206	1072266
chr2:214728559-214728789	207	1072243
chr2:214728559-214728789	208	1072273
chr2:214728559-214728789	209	1072273
chr2:214728559-214728789	210	1072272
chr2:214728559-214728789	211	1072272
chr2:214728559-214728789	212	1072092
chr2:214728559-214728789	213	1072269
chr2:214728559-214728789	214	1072263
chr2:214728559-214728789	215	1071949
chr2:214728559-214728789	216	1071929
chr2:214728559-214728789	217	1070291
chr2:214728559-214728789	218	1068675
chr2:214728559-214728789	219	1070626
chr2:214728559-214728789	220	1072141
chr2:214728559-214728789	221	1070659
chr2:214728559-214728789	222	1071974
chr2:214728559-214728789	223	1071329
chr2:214728559-214728789	224	1071020
chr2:214728559-214728789	225	1071528
chr2:214728559-214728789	226	1071285
chr2:214728559-214728789	227	1071907
chr2:214728559-214728789	228	1071825
chr2:214728559-214728789	229	1070521
chr2:214728559-214728789	230	1070285
chr2:214728559-214728789	231	1069242
